USDZAR,GBPZAR,EURZAR,GBPCNY,EURUSD,GBPUSD,NVDA.Close,AAPL.Close,AMZN.Close,DJT.Close,PDCO.Close,MLGO.Close
16522007.0,-5766.147,915.12396,4942530.0,54694664.0,78885420.0,-3906.721,69630520.0,-30647604.0,11367303.0,71901440.0,-3202.4417
7280593.0,-20316246.0,-157.8773,16066497.0,10601419.0,4547469.5,-1787.3838,18144660.0,-7426759.5,9337637.0,13836049.0,-677.9112
51521.0,-7.80418,14074.022,-38465.887,100849.29,116469.836,-834.2542,24341.334,-12345.995,39161.54,57528.875,-1.4377995
106307290.0,-129890050.0,1824.2275,-100793130.0,107955670.0,59364430.0,-226619650.0,183912850.0,-97318220.0,-86299620.0,207222850.0,-16739.352
2935668.0,-101194550.0,1566.8881,-3148913.8,34508828.0,40598396.0,-33397104.0,69675940.0,-54781490.0,-30514502.0,56942972.0,-5877.012
90908.82,-244091.19,-2.0271847,-126113.125,329646.44,140562.38,-739472.4,383503.66,-83130.68,7265.9043,293331.25,-41.28195
41353.14,-513101.03,5.243674,129446.57,13294.898,343205.72,-16.247412,201484.78,-77560.74,177951.42,222372.7,-0.7049643
3039859.8,-91.24765,47.03037,921190.6,2754787.2,234667.02,4126152.0,-1169640.6,-1272964.9,-727909.9,796634.94,-111.46597
1016794.7,-114.28165,10.704107,-27.021404,1140770.9,381846.2,-756430.56,533954.6,-1144664.9,-1778154.9,1779694.4,-141.99101
3616659.5,-1500.2119,739.6463,10810287.0,5057582.0,35512444.0,315.06876,-5656002.5,-10638826.0,3855263.8,7391567.0,583.76056
21633770.0,-3456.469,727.5693,57.84415,33802704.0,45163516.0,-32627576.0,22196098.0,-2845822.5,16670926.0,33551900.0,-949.661
320686.94,-26.402267,8.959356,-15.897945,352087.0,395194.78,-257435.67,340543.84,-136042.98,-228215.17,449085.4,-42.656384
14916321.0,-1228.7325,44.65367,-152626.7,8637669.0,9455449.0,6382387.5,20589052.0,-18106120.0,-16868724.0,20439494.0,-2032.4558
24227.629,-0.83038354,2488.2258,-3028.2668,12421.176,13725.096,13834.931,-8884.891,-2604.7947,5685.018,12635.279,-0.2999728
89461176.0,-68483600.0,1286.1808,-2856.9304,49500372.0,1611164.0,-190396540.0,77956904.0,2568215.5,8734319.0,130967640.0,-5533.5156
2135133.0,-1828422.1,119758.3,1333852.2,1891921.9,1776068.9,-257436.69,-853339.2,777446.6,1172475.6,1650227.5,12.833631
2636767.2,-8747257.0,183.98419,1764085.2,1043063.94,8295891.0,-1481215.0,-1401149.0,-3072575.8,741847.25,1964207.0,154.9393
15862.223,-0.89975977,3088.3296,-10206.109,13343.283,16005.858,3880.112,-6418.985,6282.88,3816.5918,13307.597,-0.3205669
6261356.5,-11472064.0,237.65178,6069794.5,1432661.2,7996579.0,-249.07019,-1624208.1,-4921198.5,1996934.0,4280871.0,130.32727
12768546.0,392033.38,-117.04936,3176916.0,14331974.0,-4335028.0,522599.84,3058665.5,-5659974.0,-4081723.8,7756151.5,-427.54794
22577848.0,-2484.74,687317.56,-1135.6447,36299596.0,41448560.0,24142322.0,-44575828.0,35627028.0,-2226189.2,34718084.0,17725448.0
19581472.0,-1084.6393,3146947.0,-2970999.5,10330369.0,29961994.0,4623645.0,-19254186.0,-4962263.5,9736972.0,12515765.0,20023092.0
21130602.0,-818.1307,4631282.0,6929952.0,16460376.0,3055701.8,25456862.0,-11896099.0,-4711852.0,-1891265.1,8064642.5,-872.899
3522440.2,-11194601.0,-44.57323,-1176268.0,7654999.0,-1668279.9,-1180.3142,16215474.0,-3920846.8,975792.2,13150604.0,-936.8172
158548.34,-37.974247,237269.94,-93679.59,381985.6,519220.6,422297.25,157579.84,-227033.0,-2351.1675,175481.06,-22.184656
143425.1,-6719123.0,5.6805134,-2233715.5,1489235.6,-280410.44,-8252391.0,14356079.0,-13075723.0,-4014297.8,13640801.0,-1136.4182
582860.2,-20.539257,2.3456886,-133213.86,759267.56,33364.625,65924.87,30091.639,-12593.958,-66884.57,379738.22,-19.043602
12380.144,-10.837669,2.1513145,-2.058738,20560.693,194817.4,-89209.914,47159.477,17266.51,1.7835517,122590.52,-2.0632207
5624956.0,-65227530.0,994.5299,-10757022.0,18121428.0,30600296.0,-54292530.0,46634976.0,-27391978.0,-11000346.0,52674164.0,-2623.465
12846.063,-16.470762,4.391545,148432.75,117492.37,282695.47,-10.884601,32212.758,-28618.332,237570.48,71421.625,-4.8461237
7230858.5,-706.3885,201.619,4044208.8,3697667.5,7830657.5,-12618203.0,4613293.5,55431.156,7142050.0,9647747.0,-59.80107
3514409.8,-20217690.0,178.07014,-1257599.8,7972089.5,5236058.0,-12093950.0,24060130.0,-32484524.0,-23563772.0,24851074.0,-2247.0295
680970.9,-785230.06,6.7567625,-923029.3,650462.7,140840.03,-1577076.4,1721268.0,-837653.75,-792345.0,1620099.4,-175.565
355217.78,-63.41278,555250.06,-373956.38,1902939.8,648894.5,62769.348,-488528.0,575442.2,-189568.9,1197876.0,-21.756771
30768080.0,-2648.0767,14871973.0,9211198.0,13884951.0,35612188.0,74348350.0,-22226842.0,-15962657.0,2016645.0,16079649.0,-1618.0895
187521.92,-34.25779,5.8022766,-49622.754,547157.1,26245.795,-118611.25,21297.87,-285150.25,-501509.66,497445.78,-33.05472
4463868.0,-470.8418,8.761384,3536365.0,10414106.0,5574178.5,-19758094.0,4164468.8,2088594.1,350.3803,5022974.0,-545.32806
699546.0,-25.75063,-0.38310763,-19.721218,430182.38,203959.98,-455095.4,176737.17,101449.67,58513.12,621259.7,-22.74645
60282.176,-401884.22,6.94975,-214742.86,87795.77,443238.34,-273407.1,384648.66,-167874.78,-4042.7732,338657.62,-33.534733
24754276.0,-66.15938,-200.1024,4774164.0,23377790.0,-7643628.0,17076034.0,-2035699.9,-13589361.0,-9949628.0,8030848.5,-902.0225
20997226.0,-2501.8335,689.61725,14046341.0,19895860.0,36318004.0,-1649.1326,12276366.0,-4022074.5,17888432.0,28539012.0,-276.65884
-3434.1377,-7.6920805,1.8336934,-0.029083537,44286.773,127771.54,-1777.4478,32021.734,-34011.945,0.61765856,40334.984,-2.3835392
-382972.34,-142.72163,26.207518,837591.0,-119444.766,648389.25,10978.516,1363123.9,-1393839.5,142938.39,1557782.5,-58.131847
34277268.0,-714.66815,-12499475.0,-12675024.0,32133500.0,17739800.0,23287576.0,-4265.89,40152296.0,-19365896.0,26099684.0,16145655.0
795.18097,-1.119885,0.463192,-5.7726274,1175.2023,1736.2726,-367.01627,460.94,-158.92801,10.616736,1440.8956,-0.15988123
75609.695,-3.461018,21114.418,-39606.953,109566.31,37987.797,8691.635,13407.567,-18201.424,29164.285,43151.664,-1.5443949
5514767.5,-1570960.2,-61.57313,2415430.0,5637268.0,-7262162.5,-5285784.5,2732884.5,-7168338.0,-2020896.8,6413591.5,-281.04767
19572074.0,6210548.0,-419.36212,207.32399,13193211.0,-26285070.0,11081396.0,-2006.7123,24078288.0,-14867609.0,10889634.0,-934.8945
4654450.0,-1634.2528,462.75385,-69.955574,7396909.5,24816170.0,-8823893.0,8963357.0,-7918211.0,-3046996.5,11978227.0,43.40017
1277091.2,-18.082205,-9.006534,464528.12,1441955.8,-285409.1,-106855.734,590162.06,-600498.9,-510824.6,711816.75,-98.99692
6231.4146,-388354.78,6.7798433,-215429.4,95606.84,532296.25,-189591.52,664481.94,-314989.44,-97422.516,433939.97,-57.10959
10120340.0,-10119.737,81739910.0,-56421650.0,28504130.0,179360460.0,116812580.0,-51939030.0,-18411738.0,-47094056.0,40775572.0,-674.5429
32438.494,-10.927619,2.0068836,54687.715,139883.0,236834.55,-209959.84,131591.02,-21241.766,6.4440303,102794.1,-12.318994
174390.47,-301151.72,1.1049469,191486.66,168947.38,187303.78,-132611.88,-66326.695,30656.44,111912.8,140640.45,-1.9223349
6825523.5,-606.52826,72.95769,-3925783.2,3577123.5,8352727.5,-9091557.0,8868252.0,-2824701.2,349817.94,12064050.0,-703.0341
1165142.8,-38.427704,516035.1,432869.75,889760.4,440384.2,1692148.8,-416565.03,-611245.0,-125149.555,169196.52,-50.098545
22247588.0,-4848.448,546.9793,2882759.8,60630850.0,46876390.0,-118368140.0,86895130.0,-35756988.0,3641780.8,81966350.0,-4726.9023
6548657.5,-321536.53,-687917.6,-1208979.4,5854020.0,1040151.7,4754895.0,-898.71814,4647549.5,-2539130.8,3066439.2,-67.17288
25404050.0,-45650572.0,528.44385,-26593124.0,32044830.0,23307076.0,-63837920.0,41275260.0,-14839916.0,-8532920.0,43453284.0,-4539.5317
10560877.0,-16344422.0,414.38544,-12606223.0,10263424.0,16167304.0,-3231773.2,9869049.0,-8652534.0,-13101385.0,14432678.0,-1531.2346
2234164.2,-5677361.0,66.26664,63498.242,530929.1,4957222.0,14.421918,-2891.158,-408485.62,934679.44,1465137.5,85.025154
22386.152,-1.2571204,6575.5464,-6063.405,24214.412,19212.53,20714.693,-4402.551,2351.8105,5955.306,18155.23,-0.45416865
1029416.9,-8951307.0,3812772.8,-903736.44,-110950.43,10685981.0,5140629.0,-642075.94,107667.375,382766.8,2162596.0,-50.047062
10173126.0,-4941422.0,-106.60377,-4017860.8,12640845.0,-854639.5,-16715744.0,21387802.0,-5388263.0,-3564521.2,19075718.0,-1669.1423
309144.97,-29.581295,209451.88,-182080.45,583755.06,346847.94,364851.84,88868.4,-176116.17,158160.84,151779.66,-8.678852
7376416.0,-231.47606,48.636158,-368238.56,12693801.0,-605790.06,4259840.5,-407155.28,-298918.03,-3323198.5,4112171.2,-377.51
33429.016,-11.635313,2.6861582,31628.82,27527.924,202576.6,133251.02,68381.875,-43045.277,16789.035,81657.78,-6.446617
1049425.4,-132.00647,38.754417,-36.861988,988324.1,1305807.8,-2690100.0,955027.1,-90444.78,9.91475,1845115.6,-117.7971
145982140.0,94947580.0,-4170.4844,3532.0056,101639820.0,-216315630.0,9982473.0,-16157.302,181093520.0,-117760504.0,105029890.0,-7309.788
21864366.0,-9309.973,1644.5898,-8112199.0,105547550.0,99817590.0,-156383400.0,168401740.0,-100647064.0,-40975892.0,149385230.0,-13221.009
7251919.5,-5775005.5,62.52699,5723655.5,5126270.5,2197131.8,-230.56189,217981.83,2390691.8,2530514.0,4599346.0,-86.06906
905907.9,-20.898697,146586.05,-121922.94,599611.06,307111.6,1177219.9,-893730.3,-162564.44,-5807.969,369971.44,-481665.3
128044.836,-29.205973,8.395553,-14.122036,254092.0,579513.44,127987.08,39999.086,-149247.27,-4.07452,186968.5,-18.658033
3000.1772,-0.77703476,72.59853,-35.240444,3695.9624,3407.5403,321.54648,233.39247,-300.56036,2.897678,1840.675,-0.1871228
200603.88,-76.40724,14.770699,215710.12,495041.1,973589.4,228316.98,357442.97,-424023.75,157474.5,262177.66,-11.931802
19814.186,-1.4225041,1064.3745,-9622.168,9029.812,24938.652,5116.194,-7024.3477,-203.8473,7099.9985,13068.237,-0.06398909
1225617.2,-106.29829,24.813501,-30.726105,1639284.0,1105866.5,-169235.36,1295848.6,-905533.3,-1306778.5,1631042.0,-151.5877
142548.62,-301866.75,1.3658357,-165850.3,225862.84,310250.38,-585224.7,447714.1,-140781.81,17295.479,482300.2,-33.926083
476700.75,-252.1927,43.71446,-213927.14,261240.8,5431450.5,497322.06,-574779.8,138696.45,33.127743,2025535.8,-77.44309
3797396.0,-873425.25,-47478.152,1807304.8,1979308.8,2292527.5,-679668.0,-3387230.0,1063756.9,695097.7,2077710.9,112.1067
-13803207.0,-2403.7417,857.3476,4005152.0,2131435.8,33331546.0,-631.4449,19475814.0,-15333753.0,-2378138.2,12542865.0,-1208.9264
1627660.5,-3945891.5,-25.567654,2631273.5,641644.0,1983550.6,-144.00548,420835.97,-1286495.8,1020412.94,1982551.8,-1.2344129
136724.9,-5.212204,24111.432,44250.91,128611.77,26872.873,-60465.562,-26135.318,-23543.846,70286.625,80038.49,-4.0999784
1394051.8,-1192.3171,7821282.0,-6631013.0,8463906.0,23213564.0,9407354.0,-1553832.5,-3667282.2,1928900.5,4754495.0,32.93414
761052.8,-261504.97,4.953956,-539986.06,845937.3,210884.89,-411211.72,1225234.1,-383295.1,-456329.16,878489.1,-119.0885
8226449.0,-1196.2712,137.10313,7949095.5,11073934.0,8478723.0,-1329.262,13426781.0,-2247770.0,8839329.0,13327959.0,-609.9179
276862.72,-709722.2,0.33281294,-191410.0,466944.2,511061.6,-574350.2,518201.94,-104849.12,161700.28,645234.25,-35.27207
-578913.94,-2114.2534,14749001.0,226740.53,21714910.0,21615372.0,11501844.0,5921179.5,-22973938.0,5992651.0,4910217.5,-998.7345
7724.9307,-9.568684,2.3604064,-1.1615585,56859.688,152330.44,-44847.453,64421.746,-50220.35,0.49612084,73862.32,-6.155891
3502307.2,-19900136.0,-347.27957,2331563.8,4424753.0,237801.95,2106840.8,20534166.0,-25230242.0,-18266938.0,22113214.0,-1817.1829
81215.445,-10.176603,0.59970057,-44556.66,87683.516,183737.0,-17900.418,28499.93,-3540.6965,55978.746,102304.34,-2.549169
11555.42,-11.84466,77293.9,-3.233273,115222.35,180633.86,26334.383,32437.553,-70294.08,42393.94,46430.38,-1.8433816
-6433.3354,-4.314307,2.087706,-0.5492097,-20130.04,94875.95,71068.48,-14908.829,-16488.463,-6435.923,8171.9614,-0.9255356
9986912.0,-34789670.0,-195.87228,-1081564.2,32677686.0,8612.602,-77221416.0,49667730.0,-15310305.0,-1233243.8,39821664.0,-3623.632
3059798.8,-25024540.0,759.09344,2926716.5,1225993.6,15203804.0,-674.8894,10003084.0,-6782983.5,3711265.2,9748064.0,-175.69302
-22965.197,-143.17603,1352742.8,-261548.05,485156.84,2194038.8,1582807.1,-568106.3,-906312.94,-16041.373,482289.2,-31.36084
323589.6,-42.19279,241836.45,-18.658588,607779.5,702901.25,214965.42,-168357.84,201269.55,75335.32,453721.25,1.6396011
6890972.5,1406942.2,-73.03816,1965564.9,5163872.0,-1226190.0,-6817793.5,-2149212.8,2889762.8,2370412.2,3801013.0,-258.89667
32946146.0,-609.06067,6359536.5,12832655.0,16511994.0,-4562877.0,22312572.0,-23470502.0,-17767356.0,-238215.28,6523015.5,-859.3018
47710.113,-2.3828602,9957.736,-12279.557,56795.047,31543.96,19241.484,10800.191,-9340.716,21660.44,32753.938,-0.9782952
80424.83,-48.29544,16.395277,-14.590024,385898.34,755089.44,-115227.02,418884.28,-434681.44,-350867.4,454515.84,-50.932182
3359682.0,-2163.4412,557.4334,-50.44295,11800426.0,29110358.0,-698.78827,17823400.0,-10158112.0,2074179.5,19973306.0,-1043.206
29728296.0,95.58241,-2233382.2,-2321968.0,11272500.0,-2629073.0,18198420.0,-4740.5713,12524369.0,-8358532.5,26928520.0,-349.52173
4189816.5,-11277767.0,117.99648,5557779.5,1410939.0,8347598.5,-95.44047,698096.06,-4966006.5,1245880.4,2638363.0,101.74742
638893.0,-34.682457,183718.83,335058.94,789042.0,229712.05,-29214.348,-413007.44,-407588.06,735833.94,423926.7,-67.28596
-136896.14,-46.7481,8.838482,-3.0548134,-225428.44,393586.2,-69688.75,537756.56,-617743.1,-275986.6,598278.6,-48.261726
1307973.8,-57.359802,711169.25,-111270.16,1076623.6,822162.9,2523400.0,-30011.635,-1121822.9,-384645.75,137295.08,-136.26816
1663908.6,-182.87389,41.543285,-51.292595,1293122.1,2537698.8,-1788099.5,917948.2,-522166.2,28.08046,2271232.2,-101.65725
800731.3,-81.7441,24.901302,-235561.86,337826.94,1563552.2,560482.25,-56500.34,31973.035,147549.77,587408.0,30.74366
210921.84,-45.639523,10.296124,205123.66,213744.88,691986.9,30735.53,206342.7,-245732.81,188294.1,349672.97,0.2939627
8031.123,-101.615135,26.437134,-242135.2,-101826.5,1692287.9,-1579730.2,925433.75,-415798.9,8.657857,1387697.5,-75.91309
69878.54,-30.134245,7.9846883,51236.383,237685.1,496321.03,275581.25,164979.42,-217091.27,91293.89,96212.97,-7.9204574
13512599.0,-922.14594,5704554.0,-9537641.0,10203708.0,24675106.0,15714446.0,-2322.6836,11189646.0,-3778763.8,15728884.0,22484258.0
229645.12,-245661.36,1.6230192,-147766.9,290119.62,199802.92,-239670.73,341149.97,-86302.15,-22083.95,319380.6,-28.472824
23218506.0,-54617850.0,-116.25992,43005436.0,37160984.0,4009729.5,-3493.4856,42645520.0,-43107140.0,6359264.0,34695824.0,-1935.322
33651930.0,-1500.0104,-2517429.8,-20006248.0,29785676.0,29763838.0,28631766.0,-4883.556,24504770.0,-7224159.0,33596780.0,20892032.0
1151839.9,-116.78219,24.498178,-37173.547,1347771.0,1334287.8,-387469.44,1002708.3,-109974.586,455445.03,1062811.8,-17.219482
709535.94,-39.272343,2.7948208,-25.44389,172901.05,756094.6,-371457.84,650673.44,-218740.42,-61810.168,904970.25,-71.96988
3167099.2,-847.73553,194.18288,-126.88133,7695709.5,6924829.5,-6410154.0,3821750.2,-3320694.8,-678491.7,5816052.5,-623.5812
1592486.2,-2855052.0,40.175083,-66.301506,1787924.1,1546487.8,-3804833.0,1854340.1,-331120.78,232489.08,2428119.8,-188.89824
252875.52,-32.80084,4.3768363,-9.434936,344448.72,411625.28,-317956.78,44873.242,56706.945,8.876047,406669.53,-8.124276
-3415812.5,-90815544.0,1107.0096,-33427254.0,57007796.0,28795224.0,-141494200.0,204419840.0,-148600660.0,-84064820.0,168918910.0,-15771.538
3977022.8,-2798.9404,193.01112,13335551.0,32262304.0,13199092.0,-55020776.0,46756492.0,-33454662.0,-11289469.0,44982544.0,-3137.172
19048840.0,-2685.5815,1029.9368,-7181157.5,9261145.0,46607452.0,-4723174.5,6718793.5,3215301.5,4915433.0,18907592.0,577.61304
8458736.0,-18197422.0,115.003174,11066736.0,1475942.2,14266817.0,-348.05066,-1829990.0,-5275630.0,3715898.0,7023528.5,235.2529
1169298.6,-2816.5803,345.19644,2705911.8,26944436.0,24538132.0,-35915284.0,35541450.0,-24288998.0,-11601816.0,30980854.0,-2924.8455
18901316.0,-1741.2355,8451197.0,-819.78503,33044570.0,18451876.0,-27936842.0,3960655.8,2487905.5,744.4323,25952342.0,-599.2098
3636871.5,-1481.6764,129.4877,3027090.5,10448069.0,11940791.0,-1140.4915,21408264.0,-5024484.5,4645484.5,17473902.0,-736.0015
-4148.1406,-19.948938,5.0471134,0.21905997,103483.87,322997.88,118512.69,51324.14,-80162.35,0.7521331,72796.09,-3.6877
20775.275,-5350.338,-0.040455185,1001.0921,20161.076,8684.456,-9396.107,10753.306,-3264.5703,7283.737,19568.7,-1.025853
-6026.0054,-11.785832,2.7413423,-0.28926837,71451.84,195854.6,-23995.201,34021.22,-45107.54,1.4776601,50716.78,-1.8907126
38251428.0,660.2672,-1345367.6,-4342476.5,39804616.0,-4365471.0,3004137.5,-67492920.0,51893304.0,-23002814.0,33845616.0,-4551465.5
33636172.0,-2658.9116,2466844.8,24864794.0,47816600.0,25009344.0,4937902.0,-7843663.5,-27445076.0,-7200795.0,23648454.0,-479.97406
16395177.0,-578.0575,4082385.2,7813172.5,13791157.0,5597764.0,12723613.0,-7058831.5,-3253447.2,1931808.4,7849628.5,-685.24634
394712.84,-64.76976,22.954632,602018.0,501502.28,874774.7,-44.707317,239189.27,-51000.973,584806.44,239746.06,-23.979498
21100912.0,-1518.3237,342.45172,-3690682.8,15023809.0,13571354.0,-34606424.0,8064919.5,6208818.5,15458285.0,24936212.0,-264.52127
35901300.0,-81279060.0,-24.601614,20977418.0,65219680.0,10737164.0,-8258.971,100838660.0,-42235780.0,18118768.0,88916136.0,-4221.3994
695132.3,-51.281048,292318.0,-573465.2,461854.12,895510.9,1127389.1,-842136.9,-236946.94,-5413.9463,37036.984,-12.726911
33722656.0,-1836.7064,7374754.5,4362208.5,26908144.0,11994341.0,26564678.0,-16462222.0,-27702430.0,-1566475.2,7599641.0,-268.76724
13395547.0,177.4153,-13.189847,3441345.2,15718552.0,-78165.04,5567553.0,-4218468.0,-5953294.5,-5539124.5,4328234.5,-1329.634
255949.52,-44.046135,11.392292,-16.432713,304454.75,796468.6,-462473.34,205541.22,-99716.11,5.795862,557861.0,-20.557556
1297194.0,-218.18506,52.458244,-46.55565,1912460.1,2854202.2,-1655305.4,910201.7,-651434.4,304544.25,1980005.2,-68.010155
-19903.668,-39.935028,8.827856,7363.667,103514.266,677739.56,113405.336,461941.47,-96308.31,50090.535,357539.84,-28.807692
49216616.0,-2761.4207,10993706.0,-48743224.0,59170260.0,22542398.0,-50307370.0,381663.0,21774418.0,26950436.0,61929676.0,-358.50385
6041424.5,-1929.0701,79.52609,-807879.1,26333612.0,19380234.0,-56328116.0,32433748.0,-10012954.0,6186377.5,27958814.0,-2486.7544
8885028.0,-1617.4576,125.14921,14772719.0,9797998.0,15713114.0,-1122.6567,12332132.0,-5903209.0,10877103.0,15559726.0,-294.36786
9773047.0,-860.7264,6106381.5,-1684443.0,8730294.0,20587572.0,9767726.0,-8875591.0,-6521309.0,4668057.5,6355371.0,544.75354
11933357.0,-519.89087,2768024.5,3584703.0,7759286.0,5197150.5,20692844.0,-4435981.5,-6868868.0,-2007601.1,4751780.0,-292.47488
22956278.0,-77967450.0,793.37366,-10334335.0,37007644.0,24258460.0,-92325130.0,71601410.0,-26574548.0,3667437.8,69843790.0,-3542.0242
116920.945,-591222.75,5.696305,-127586.266,224747.1,493236.78,-399484.1,388540.72,-160377.89,31865.875,439237.22,-28.912273
13669541.0,-742.6363,5501856.0,-9541816.0,21981176.0,9921543.0,5101577.0,-14356808.0,19186496.0,5556798.5,20108914.0,5041205.5
1819303.6,-270.27295,2235860.5,276944.75,3424145.8,4580990.5,1387390.2,1410663.0,-1904651.8,2340706.2,1539024.2,-100.58505
55537736.0,-123212890.0,935.0551,-31972784.0,82059820.0,55398292.0,-180685680.0,115437310.0,-37643348.0,6994726.0,129837790.0,-8498.271
58170732.0,-55164296.0,910.8103,-49532964.0,47988664.0,28983634.0,-123738376.0,77637450.0,-32240014.0,-20546262.0,96207280.0,-6464.992
334078.38,-516975.66,2.448325,397205.28,637847.5,195720.33,-49.105896,101512.57,246487.36,528440.44,289910.8,-40.493996
23156274.0,-560.615,6172923.0,-15852483.0,22262828.0,10823751.0,-6186539.0,-30182124.0,30412190.0,-9870315.0,24171198.0,12570219.0
321844.44,-7.1699653,76680.266,-6718.2095,245972.78,54827.855,309072.6,-225372.34,-22982.4,-17940.209,141151.14,-7.5594435
5274348.5,-1259.1846,250.34857,12270745.0,9915087.0,14997155.0,-436.81848,7335320.5,-12625014.0,552742.25,8506059.0,-67.72605
-144097.73,-39.125618,6.2636456,256871.02,52305.496,516604.47,20366.229,806046.94,-495596.88,-238515.2,415000.9,-91.549805
6960839.5,-2595.0134,607.3646,3084167.8,12650854.0,23331350.0,-1928.1699,31151330.0,-12249498.0,6646848.0,30820008.0,-1011.92004
115858.03,-207472.23,8.306606,-11.2117605,155682.52,507884.12,-362505.53,225540.47,-131915.83,1.95182,334970.03,-24.167694
12450799.0,-326.4122,6129187.5,204348.69,12569874.0,5476623.0,13906681.0,-2923034.2,-5634121.5,3208805.0,4024944.0,-315.2663
4118500.0,-350.24142,64.939384,2114829.5,1850137.0,5402918.5,11530736.0,-266854.97,-3722129.0,-792072.94,1382516.8,-182.82217
56909.31,-9.620253,1.1770723,-32917.71,6344.047,185366.28,-63724.68,-30786.637,-6304.955,42398.34,86194.586,1.912353
2881200.2,-2960.628,1441.566,-15367559.0,10625796.0,41173470.0,2374374.0,4438017.5,-9503655.0,-20181954.0,25352490.0,-938.14825
428471.4,-1356240.4,4.4389715,-494604.7,26163.617,816013.4,-1546747.4,1463844.2,-498249.8,126082.195,1808242.5,-94.87898
12024397.0,-17299926.0,-14.529619,10382061.0,6355421.5,9812981.0,-16492747.0,610409.44,1039347.5,6277983.5,10157032.0,34.519554
10077384.0,-9783097.0,-47.99661,14201006.0,17334230.0,-7757763.0,-19622984.0,7548534.5,-19146740.0,-5232739.0,9367263.0,-532.52203
11262259.0,-4028.4055,711.18896,-4295187.5,30033226.0,43764116.0,-51244972.0,49704940.0,-33063420.0,-14056554.0,58697228.0,-3170.946
5414597.0,-1627.4778,10186220.0,259667.38,10807937.0,24043016.0,30148816.0,-4602890.5,-10858806.0,726250.56,4567542.5,-1224.7106
5299895.5,108.928345,46.141117,-138.88635,6958008.0,-323776.06,626514.56,800763.2,3718661.0,-2211255.2,3695198.2,-584.5171
7956.654,-0.75609314,11.893914,-2454.7412,8465.75,10836.022,3524.6626,1896.6635,-1351.4288,3824.944,7380.693,-0.06895873
-159740.1,-894.97876,216.21442,5434579.5,4791325.5,11891457.0,-312.52652,6260721.0,-5950540.0,2351200.0,6704474.0,-117.218376
-14998064.0,-6240.2114,17.663002,41014750.0,69272230.0,40157132.0,-36249604.0,74995510.0,-79853760.0,-35199760.0,47409420.0,-6697.9473
-34650.64,-19.43931,2.664775,315753.1,157976.64,213684.38,-7.646401,95172.984,-248455.84,13438.203,14376.365,-6.7785554
79508680.0,-105683570.0,1530.9941,-2980.931,71991740.0,60333724.0,-215097760.0,109609870.0,-27994656.0,-4713843.0,150231700.0,-8749.936
26862110.0,6526065.5,-11540494.0,-1229208.9,20363924.0,-1188397.0,17760808.0,-4205.483,30641170.0,-22774062.0,18445302.0,-106.21173
3468842.2,-537.5357,30.326065,2569263.8,1712885.0,8379934.5,13867343.0,-2331892.0,-1836882.5,-2061953.9,2134231.8,-181.25246
23532684.0,-1354.6409,13905969.0,-512301.38,36940844.0,20111000.0,24338114.0,-3727665.5,-12707752.0,13171592.0,14393824.0,-715.6146
-765705.25,-455.47247,-5.261626,524887.5,882051.9,7641380.0,-4714489.0,3466453.8,-2365733.0,28.449455,5534466.5,-207.11354
1991827.2,-146.76878,1431177.8,1479625.0,1055365.5,3351194.5,115.62092,-825559.8,-1034880.1,296204.25,1069317.5,110.73621
6692812.0,-19763764.0,17.79357,13860557.0,5854926.0,862053.2,-1287.2534,14218723.0,-3681255.2,8965229.0,9686624.0,-606.7155
47578116.0,-5116.5063,49718184.0,-8922219.0,18976728.0,131582600.0,22130570.0,-37181510.0,-12550717.0,16267555.0,48460612.0,84955200.0
3857021.5,-714.6772,145.10187,7078770.5,7278163.0,7175731.0,-110.99594,1782333.1,-8463862.0,976388.2,3092351.8,-74.51611
22824312.0,-2526.619,640.44824,-7016311.0,7120024.0,37672530.0,-21075736.0,11664635.0,-178650.03,7710326.0,25471384.0,370.3382
1358367.8,-412.35645,272.7479,-129553.09,236427.97,11175042.0,6770182.0,-2952615.0,-881765.5,2946810.5,3759413.5,-8.474863
23969450.0,-4884.012,461.68204,38656196.0,35026892.0,52521840.0,-1891.0369,33729524.0,-55049476.0,-9710604.0,44194040.0,-392.36075
2800783.0,-3642006.0,1359556.1,-14216.357,1147298.6,5514135.5,-486524.22,-2459874.0,-183556.36,2953896.8,2343100.8,3563553.0
4883946.5,-925.14667,275.39648,9894166.0,2873197.8,15440969.0,45.743607,-426145.22,-5183915.0,2883962.2,4726784.5,133.31723
8926924.0,-622.1267,3332374.8,-1581076.8,10693390.0,8616426.0,2160681.2,3176361.8,-1891888.6,5267722.5,6617564.0,50.40353
1752095.6,-377.68082,85.60519,-20.27795,3488899.0,5302747.0,-3164872.8,161179.02,687821.94,134.15909,2906894.8,-63.656796
435530.53,-1090418.0,14.169538,-387292.84,109213.54,173512.53,-1164744.0,1056979.4,-708603.56,-311982.44,1289615.5,-87.37267
95808450.0,-14180618.0,984.48157,-2350.427,77753440.0,-13040248.0,-108405610.0,11263038.0,35195510.0,-22217802.0,88611250.0,-3575.516
10218524.0,-581.41626,66.011665,4113175.8,5968968.5,7310349.0,12219566.0,3168027.2,-6718925.5,-3016589.0,5951948.5,-626.4922
617112.56,-56.707523,285721.5,-21.536934,1115565.6,877888.94,672605.75,-387620.7,379027.38,170569.22,734915.25,-5.524001
276178.5,-1036322.56,13.782052,-164547.3,578906.0,626001.3,-234950.2,706813.94,-512539.78,-350576.03,585944.25,-58.840065
21835346.0,-6449.456,1337.986,2844862.2,24423446.0,65601750.0,-8072535.0,59608440.0,-62063296.0,-42089710.0,68401340.0,-5200.889
185300.75,0.502765,2.8987956,-10.331632,152813.23,155505.25,37733.758,182862.4,24524.115,-142870.06,185231.25,-39.65314
15226175.0,-4474378.5,-270.59283,5719430.5,19009686.0,-719820.06,-17238978.0,15147771.0,-6346594.0,-4100202.2,16595906.0,-1670.7289
1433768.2,-2422862.5,-7.4004173,2529831.0,477880.8,1878033.8,-119.76686,-321391.03,-11525.064,1436476.5,1933744.4,14.049356
42215.574,-119.63163,891667.4,-357003.38,892066.44,1948562.8,364902.3,512638.2,-1012661.06,358910.06,442709.88,-26.296412
4228453.5,-5859.469,1829.9773,-17928434.0,15762749.0,97555400.0,20847506.0,28548144.0,-39662292.0,-18742458.0,30319636.0,-1113.0602
18339228.0,-8842.176,1524.5515,1115.9362,80613160.0,109880216.0,-1829.4152,64892210.0,-53608570.0,-21265854.0,70404020.0,-2703.5676
-53.480915,-17.562603,3.5300272,-5874.2104,117423.6,288156.34,-106293.41,156505.16,-90544.37,1.7908444,156165.28,-10.234338
3316795.2,-1554.7191,12142434.0,-2327828.0,11086704.0,27189904.0,19535806.0,461611.3,-10282292.0,5132871.5,6274444.5,-255.21606
21365888.0,5896798.0,-709.42413,18027534.0,23899338.0,-33102248.0,-71233290.0,31645990.0,-14929172.0,1841211.4,26806840.0,-2618.886
441154.78,-37.447445,9.88093,-299419.12,294998.9,753456.25,815259.75,240960.94,-333617.72,-132657.31,242062.72,-41.06185
427154.53,-13.0007715,202973.56,-10768.578,282625.7,215441.72,660079.25,-196411.77,-187356.23,37945.496,149407.78,-4.642478
35523130.0,-2628.642,238.79358,25182766.0,38268308.0,10079489.0,22708490.0,-2400545.8,-37461596.0,-8535762.0,16218537.0,-1136.8099
21729566.0,-2527.715,-130.70753,41890664.0,44020040.0,7464372.5,-23261806.0,14139860.0,-40107052.0,-7911493.0,24678542.0,-985.3502
265804.5,-314.18375,193.90215,-581798.1,-959069.06,4285012.0,-1110458.6,1592872.1,-594749.5,528615.2,3114437.5,-114.27387
-369913.44,-386.38452,70.27174,3583548.0,1228559.0,3323387.0,-275.91937,4412295.5,-3277425.2,1618974.5,3099470.2,-137.2464
8457970.0,-943.7617,157.04408,6195065.5,17122756.0,1136132.9,-112.37464,7584218.5,-5734698.5,-116238.81,3119967.8,-707.6264
3056.2195,-0.69638413,0.54457206,-3.2447994,7302.9585,9529.255,1734.7759,2831.1233,-2181.2075,1936.9036,3962.2834,-0.10901831
1802657.6,-226.94447,910988.8,-1739566.9,2668385.8,2638102.5,472046.75,251970.19,92326.9,218817.53,2596880.2,-32.050663
46162450.0,-8559.777,48860304.0,15469633.0,36879196.0,91033090.0,179115040.0,-58070036.0,-71475576.0,-50412612.0,41628796.0,-3321.8618
56231.234,-367246.4,1.9640347,-46.833984,159936.95,245740.62,-257903.6,193072.62,-58737.508,3.8449256,231146.66,-12.207395
19066936.0,-1307.9365,2106435.0,5007200.5,6077479.5,15133244.0,39321516.0,-10258587.0,-7346831.5,-5366290.5,2969927.0,-708.88043
-25272.377,-53.836723,460031.5,-13721.768,141105.77,1045879.3,924246.94,-814369.75,-39022.3,-107794.16,464570.0,-2.8768208
311583.06,-19.495283,106568.78,-312027.34,426549.2,228070.28,-60874.707,-280318.66,330480.8,52327.016,412518.47,-2.055485
29288448.0,-1099.6178,1233658.9,-204420.58,20785908.0,34627804.0,3779276.5,-29210252.0,5843589.5,13985524.0,25191928.0,30431200.0
4257056.0,-257.813,2609300.8,2098034.8,3650431.5,5455497.5,60.471928,-3037582.0,-435602.06,2612936.8,2920666.0,138.87498
51711496.0,-7452.18,1463.6626,722.9881,58820080.0,111581100.0,-4867.542,59368230.0,-5797834.5,31043386.0,94946376.0,-1500.7917
3272810.5,-18279594.0,78.9775,-3425070.0,12444754.0,6065403.5,-25860232.0,21127810.0,-11050190.0,-3637152.0,21081102.0,-1338.6783
750669.56,-1992584.2,-1.3358375,1274606.5,188761.83,1460374.4,-65.66692,147231.66,-238840.44,706010.7,869553.1,11.674231
99361410.0,-8551.434,62754600.0,-39949604.0,77618280.0,101424450.0,112756060.0,-85233450.0,-126547550.0,26424776.0,12018278.0,-2336.4639
221781.95,-1213937.8,-0.75496095,768222.75,212045.6,633369.94,-51.67263,428446.78,-289161.28,446804.2,468909.66,-5.599984
1192793.6,-82.748184,640623.5,408307.5,1149204.0,1454895.0,815893.56,-239639.14,-665185.2,958242.3,898109.25,-26.6214
18283032.0,-25215918.0,-223.7489,22710464.0,17845268.0,8951465.0,-31602846.0,6191231.5,-11344009.0,1317955.2,19728282.0,-308.29477
250960.67,-41.483723,233634.86,-11.885037,600596.56,652360.94,400537.28,73891.2,-94886.52,124898.945,321595.75,-8.600392
209263.72,-28.839676,6.554857,-2.8068223,324647.06,449108.38,0.84988606,101977.89,-24944.137,218543.25,154795.2,-0.8485306
-2962026.5,-2358.1594,423.60803,-4796012.0,17594800.0,20219888.0,-47086060.0,40416970.0,-27128356.0,-11533924.0,36750330.0,-3317.6477
1723431.6,-824.87213,160.1623,3038611.0,215243.14,13421888.0,19907302.0,-1561464.1,-6703788.0,-5853403.5,4984914.0,-421.71072
29309224.0,-10415.816,1308.3108,70299976.0,102984430.0,133987250.0,-115005010.0,87258330.0,-91644530.0,2977826.5,114465700.0,-2590.5571
3830820.2,-4529291.0,2442758.2,-1295787.8,2403980.0,4932042.5,6439920.0,-1179184.4,-3853041.2,-2698986.0,1314636.2,-404.33966
303384.34,-248.36273,23.943205,1023013.8,2918344.0,430504.25,-108.65452,915865.75,-1502619.2,-169187.23,353208.03,-189.91704
12093293.0,-4233.7983,889.7173,34596492.0,31256424.0,53646544.0,-437407.22,24036142.0,-50413940.0,-8609267.0,26803744.0,-399.332
9285568.0,-537.5498,208.53473,2032969.9,9172227.0,5671320.5,15222339.0,-423464.5,-4921413.0,-1948789.9,-429733.56,-754.3711
5518274.5,-4228639.0,110.243065,-3213109.0,11590644.0,-9073429.0,-17320080.0,14716491.0,-13259954.0,-7936918.0,19608094.0,-1025.0479
16296271.0,5009430.5,67322.18,4217058.0,7568588.0,-3430200.8,6043635.5,-1671.671,2647062.5,-5710473.0,11570595.0,-162.2943
2840804.2,-6676.4604,-418.25092,34043416.0,88512824.0,47758456.0,-23316840.0,91232760.0,-101333224.0,-50824240.0,50832176.0,-10022.929
1332507.2,-48.48386,288529.06,69785.64,1153558.8,659304.75,836452.5,-338131.84,-135475.12,563786.7,808653.44,-36.194683
13768004.0,-432.6004,1933344.6,-5273588.0,6721545.0,11185776.0,14487635.0,-1167.2888,489797.62,-5841404.0,6217265.0,9720415.0
7441842.0,-227.83115,2915396.8,573979.8,4970627.5,2551036.2,11692358.0,-1836643.0,-3680009.5,-240598.03,1950927.0,-195.26054
9810.143,-6.0707297,0.80811936,-1.1963444,34379.29,109813.81,-12618.761,7605.5225,-3332.9644,0.7408559,38462.44,-1.0363783
3414390.5,-4376022.0,26.74118,5362584.0,624634.75,3216004.2,-156.2338,-1840406.8,-253972.1,1197476.2,3030083.5,79.839195
25156592.0,6087734.0,-3.8535957,8236538.5,22670628.0,-13778836.0,2956427.2,-39521516.0,-4618668.5,-8190809.0,13640126.0,-779.5148
3887328.0,-6403255.0,48.650387,6615803.0,3707807.2,8582713.0,-5498014.5,-5076662.5,4478581.5,6352538.0,5976612.0,-40.73784
32793.133,-103180.266,0.27812564,63571.863,105406.24,81177.17,-203693.38,138662.97,-2317.3047,74028.27,74641.375,-10.067104
3053031.5,-746747.2,-70.37424,2649130.0,3529280.8,-442886.03,-3076339.2,-2805268.5,1883492.2,772745.6,3479317.0,-1.2338866
112583.1,-20.413322,144456.86,137524.1,255174.61,326724.12,-93461.52,25025.01,-102160.02,257959.9,139669.81,-9.255253
4225940.0,3622207.5,-52.95454,2023379.9,6014378.5,-5706323.0,-8397122.0,2282457.5,-4389332.5,-2378487.0,2596564.5,-354.60773
12303080.0,55.744823,121.97045,3564296.2,12791431.0,-5254458.0,4261408.0,-4407472.0,-4407748.0,-3692797.0,2092825.2,-509.6524
1143527.4,-116.06242,525136.1,-183119.6,2345374.0,997979.0,482512.78,1073720.5,-866650.4,-27294.543,927275.5,-85.071846
32410568.0,-57687440.0,-531.4661,-27998712.0,97865144.0,4422128.0,-198381390.0,146629090.0,-55342916.0,-19063468.0,128544260.0,-11830.445
2168571.5,-6880356.5,103.25935,1190877.1,1163011.9,6991781.0,2839623.5,-2654727.8,-1297069.6,567103.1,1409214.6,4421366.0
7582563.0,-8233744.5,127.86552,-1938637.5,8304313.5,5683710.0,3880912.5,5744976.0,-2487885.5,-2778649.2,5105240.5,-326.1427
11077201.0,-2001.2458,-163.11017,31522310.0,33133476.0,6855116.0,-22281142.0,21956244.0,-41159300.0,-10214816.0,25490170.0,-778.2771
42273.223,-21.02843,4.8596945,-4.525944,97436.25,320468.66,-166264.6,74041.06,-30520.645,2.4865816,190949.92,-8.866257
3664047.2,-16150510.0,57.60021,-3039965.2,13654547.0,4123665.5,-33180410.0,24224126.0,-9396301.0,-929999.2,21421704.0,-1493.3312
54121.2,-6.0715036,0.35147196,14314.877,107663.08,91508.45,-30303.695,78199.42,-32435.219,31779.637,75949.414,-5.781172
40207.65,-597349.7,4.6891856,-69095.85,172206.66,499996.3,-517573.4,492254.88,-99532.26,98248.6,485097.94,-24.63101
11639.02,-3.8605452,24852.533,-2999.1135,42533.72,59861.33,35011.137,14355.993,-24905.8,13396.187,14633.583,-0.612799
17873962.0,-24723464.0,-67.18344,26343156.0,24590918.0,-1664760.9,-27110248.0,2310505.5,-22639096.0,-7513391.0,14289349.0,-255.55518
47888.72,-8.118402,1.6582619,-1968.5737,46769.203,141792.72,53409.754,47455.688,-5890.6997,12327.841,91668.28,-4.7926965
99320.15,-809233.6,6.7600207,429192.03,30378.03,388105.28,-33.584034,325263.1,-318622.66,224433.12,364672.22,-6.4428854
8288766.0,-689.042,178.55733,4293718.5,6111670.5,14421015.0,11049937.0,-5615182.0,-4195722.0,522585.94,6154859.5,8681818.0
30718418.0,539.06494,4881470.0,-12281725.0,29254808.0,-8182298.0,-18227426.0,-21575326.0,29688290.0,-1942036.1,29992842.0,-317.42752
4130603.8,-462.31323,29.299437,3350357.0,3918227.0,5811133.5,-90.273994,111166.09,-2102143.8,2049925.5,3959463.2,14.680934
-12701.202,-13.6275015,74315.2,-3.3165472,115902.07,276909.7,188101.02,-181724.38,56118.258,-15674.915,91622.555,-2.2912433
113444.18,-39.138653,9.348116,0.06779783,215203.58,595739.44,-259616.22,299145.56,-30419.445,8.971882,394078.9,-8.900924
11699257.0,-520.9443,-618.2496,1419961.5,14560180.0,6225793.0,771447.0,20489328.0,-24507556.0,-22352492.0,19999480.0,-2612.4792
208915.23,-167408.23,1.5713929,-231188.7,283345.9,190833.05,-491828.75,364903.9,-50394.53,32278.234,357526.44,-32.746628
6326002.0,-773.7433,159.47789,-5434313.5,5904219.5,12790496.0,900831.56,757377.9,1023494.25,2932137.8,7124448.5,137.43596
-4335583.5,-2338.772,14460412.0,-4402844.5,21831886.0,29846764.0,14201616.0,-7333131.5,-20061962.0,9773730.0,12464489.0,-708.9287
138352.45,-12.248906,2.8870828,86123.46,142956.72,137558.55,-11.5265465,42150.207,52264.53,151768.03,101544.53,-4.9973655
111736.92,-50.403416,551490.56,-47611.13,364137.5,1420195.2,123997.35,-773656.9,-222945.05,832232.44,402703.06,39.219334
169045.6,-12.262554,1.8027716,-6.6802173,92260.52,121940.73,-228315.17,100556.15,20528.627,2.369754,214633.0,-16.480314
18495824.0,38188024.0,-775.0452,-4189406.8,27928510.0,-50092532.0,-27147838.0,-14904021.0,16962888.0,-11067746.0,15757399.0,-1457.965
3752490.8,-3771609.0,51.42001,53375.98,4002166.5,1101098.8,-1077313.8,3301854.2,-4647607.5,-4216367.0,4873813.5,-342.38696
319626140.0,-38550.44,11959.74,-16334.284,460420960.0,402643900.0,-809452500.0,202894450.0,-23182878.0,100997864.0,539600400.0,-28051.344
21814064.0,-5552.4966,1316.8566,36565668.0,41315550.0,80376260.0,25364878.0,20837430.0,-56461440.0,-7113582.0,40602140.0,-345.0271
1026145.6,-62.372887,400091.1,-41.079685,1772983.8,276227.47,511322.56,-109640.44,-38551.188,341147.53,634921.9,-26.104439
2755691.5,-72.86434,980649.8,1113983.8,2644175.0,622969.75,-257925.84,-529938.75,-23887.037,1420061.8,1575548.6,-105.751236
23361660.0,-6716.432,905.6656,52331908.0,59644484.0,89715736.0,-2867.9197,43440532.0,-54198012.0,5347196.5,66141370.0,-931.0352
1333903.9,-45.415546,-117659.61,332044.75,1028469.9,459866.44,-1387268.9,-831199.4,52013.58,1004466.94,729732.44,-15.908424
64345304.0,-3255.9343,41648412.0,9439903.0,31867066.0,42804164.0,97012664.0,-64350628.0,-62303772.0,-7848220.0,24330664.0,11.036336
4924390.5,-139.16832,2194473.5,-2409332.2,8341042.5,-547265.9,3121505.8,656483.0,-718560.9,968895.06,2414736.8,-168.01123
7242359.5,-679.348,5577647.0,-2181658.5,11285111.0,7762889.5,13175086.0,994138.6,-5528135.0,2353455.8,2311544.2,-328.16345
38386044.0,-6293.806,1583.3428,33651324.0,46621788.0,101757944.0,-3647.6294,31266942.0,-16524609.0,31941310.0,73772220.0,-640.2574
48746.35,-3.424853,-0.12803279,-16945.307,55921.113,57808.656,-10480.823,22271.793,-214.17729,28204.4,52260.1,-1.7205883
207594240.0,-62023228.0,3257.6743,-5915.1367,207623730.0,-29690072.0,-184025060.0,-12216036.0,117545740.0,-60519476.0,186177840.0,-8433.285
85771250.0,-9688.257,3342.2925,-4983.5396,117456500.0,138746560.0,-161124380.0,104756984.0,-53615740.0,-44697276.0,153477970.0,-11781.46
12967261.0,-6734.689,1848.0095,13663495.0,66268936.0,99135500.0,18092722.0,37950430.0,-69202480.0,13209187.0,25893720.0,-1119.8779
6918861.5,-461.98398,2159564.5,413658.22,5308168.5,6310433.0,7567332.5,204337.1,-3006278.0,2246286.5,5293884.0,-9.393066
172303.27,-831567.1,6.904916,-119128.62,399866.72,716443.6,-464557.22,747631.9,-360430.56,-85617.48,685745.5,-55.432938
36419496.0,-76109920.0,961.58545,-53883384.0,61930596.0,46411030.0,-97473890.0,63948970.0,-34588616.0,-27248036.0,74716050.0,-7453.5044
52829170.0,-42955932.0,-217.744,-38985332.0,51643020.0,-4761845.5,-219360380.0,105398720.0,-20259520.0,-15734467.0,144812960.0,-7082.544
6623920.5,-231.57756,2504759.2,-3448259.0,10940861.0,-4463339.0,477380.78,1090510.9,-377612.94,-1247206.2,3820572.2,-310.76587
94659410.0,603.37976,-28039800.0,-14154460.0,104586930.0,3051606.5,71259700.0,-13272.462,141934430.0,-99962620.0,80809800.0,21427132.0
7966802.5,-2002.2924,516.57434,-3349279.2,10746298.0,36087356.0,9208350.0,21836826.0,-26327272.0,-10655017.0,18049532.0,-2045.4331
-385136.78,-131.33838,13.520257,522204.47,469316.03,2354394.5,1487627.5,-7211.3726,-1340404.5,-488297.28,788633.5,-27.623398
5287439.0,-7601693.0,-174.13445,3117495.0,10492041.0,-5155422.0,-1503.8257,16684116.0,-1090694.8,3168363.5,12041563.0,-951.34064
188658.02,-34.284847,6.1217237,-27951.031,575677.75,272898.28,-53777.305,299344.56,-274187.78,-13799.072,161464.7,-30.273327
-0.053314816,-4.1321626,28593.496,-0.879768,37155.457,55763.09,0.26783073,17272.732,-33007.984,7885.882,15639.008,-1.3850622
11904434.0,-370.56488,3143943.8,-6727132.5,3878909.0,11307416.0,10054681.0,-1718.7025,6225236.5,-7202911.5,4878773.5,6797226.5
20083362.0,-3577.644,24147626.0,8168002.0,40732196.0,47973056.0,25155292.0,11462134.0,-36518080.0,9143382.0,14281567.0,-406.72144
3542538.8,-1399.3275,136.24574,-472223.16,17296750.0,16415713.0,-29362332.0,15626450.0,-5740641.0,2523088.8,14660513.0,-1557.6072
459036.4,-32.635975,175177.2,-85104.21,616211.6,473027.53,-417000.25,46799.715,163226.5,21.45192,414411.1,-23.416077
551278.4,51129.203,-0.12429423,-798811.94,878863.6,-645822.06,-3323096.8,1989355.5,-608800.5,-279110.3,2119124.2,-161.48137
28193516.0,-2877.9412,708.5969,-646.00714,27059048.0,29448522.0,-51416780.0,15030766.0,5564306.5,1116.3269,35990330.0,-821.6964
5260138.0,-10012884.0,216.64392,5191413.5,658091.8,7522407.0,-231.75984,-1231731.9,-4188043.2,1293884.4,2827382.0,123.61269
5353571.0,-12950229.0,30.938442,5579356.5,2428700.2,6165745.5,-295.51672,1394012.4,-6103293.0,2659084.8,6391858.5,11.741083
1860340.4,-112.12236,56.50617,-1302037.8,2949325.5,2454386.5,1235336.1,1468814.9,-1315884.8,-1061393.5,1803800.9,-199.90501
670619.4,-55.7691,4.545117,-42212.53,504700.7,411785.88,-426462.9,615228.2,-131645.95,169765.12,887637.6,-49.113846
51454.273,-5.5616736,1.2527239,24459.787,31176.9,89760.39,118251.39,-4448.337,-27196.549,6031.2573,37400.81,-1.5805833
22815420.0,277.09283,-8453718.0,364254.6,13590038.0,-1245794.6,4933548.5,-2513.462,15499069.0,-10623856.0,15685138.0,-202.85695
4713696.0,-510.866,4024936.2,1811191.4,1749190.6,11882034.0,242.8399,-1806698.4,-3685680.5,1849839.6,3023442.8,267.02063
443603.6,-43.256878,9.751539,-332771.6,480791.72,553199.6,-178324.47,111050.3,160758.78,167155.8,567739.5,0.4319228
652502.8,-27.794058,405879.75,307437.72,567761.44,325353.8,873875.06,-348211.62,-379170.7,148628.97,158834.11,-36.663452
1550759.9,-555081.9,6.0299296,-2388689.2,2737091.5,-263860.34,-8348342.5,5224609.5,-1769345.8,-801268.75,5958072.0,-396.6141
6647605.5,2722307.8,-266.69482,-1639470.4,10557987.0,-5248716.5,-13630461.0,10944311.0,-2736549.2,-2581982.8,8793494.0,-1027.5375
6367974.0,-18335110.0,64.22914,12083433.0,2119432.8,8117575.0,-463.2428,2974756.2,-5073816.0,5342261.5,7913310.0,-47.41072
27268330.0,-10778483.0,508.54785,-789.91565,31181222.0,-6994297.0,-29854430.0,12376248.0,5971487.0,-18306096.0,34498588.0,-2232.7236
691235.4,-2141168.2,17.37919,-963465.5,1472355.1,170051.92,-3597967.8,2779841.2,-1976265.0,-1531184.4,2892968.2,-272.5665
173808.95,-15.170918,3.9153867,-5.4698014,60389.23,221085.4,-92026.74,210047.53,-165109.06,-127015.65,247492.88,-20.160734
7883167.0,-189.01973,-5.548252,1401684.0,4459552.5,573134.5,7308656.0,-4701442.5,-685171.1,-681378.6,3537757.0,-144.21155
2601718.8,-602.2134,275.75455,4478900.5,1060015.5,11248286.0,43.09807,-2271050.8,-4500518.5,2187660.2,4240797.0,202.39508
276199.66,-61.48259,8.026633,212370.81,375544.6,638407.0,-68.887535,841925.25,-57813.883,424053.44,915560.4,-26.268728
172469.83,-40.21486,203117.55,42303.812,594136.8,588353.4,-65458.61,60201.83,-366618.47,17.525015,156547.61,-49.30624
-980920.9,-623.33966,199.53299,2200794.5,1309362.4,8080329.0,8015947.0,2230958.2,-6572369.0,-2475109.0,1980779.1,-436.06
5727959.5,-2835.2957,557.9134,24171764.0,24773184.0,34622212.0,-524.18,15136436.0,-28020076.0,-1772185.6,16872280.0,-288.76315
2733223.2,-155471.48,-120.769135,-368378.0,2268355.0,-426391.6,579251.94,4081253.0,-2666752.0,-2586822.8,2974530.0,-430.05835
2819347.2,-144.01611,992533.0,-1043871.8,5819540.0,-1863267.1,1235944.5,1542463.8,-521491.97,-815803.06,2206846.5,-205.04375
1921243.5,-80.16125,730500.25,374641.5,1396539.2,954510.9,2923778.2,-601507.8,-1098281.5,117112.805,584944.7,-48.154797
5597927.5,-188.4042,-25.900217,216373.19,7199565.5,-1678750.0,-3319656.2,4663930.0,-879560.75,-430041.28,4044218.0,-301.84415
1110396.0,-57.95944,31.41198,363152.5,1448758.0,-50229.16,931307.8,-776768.4,-999016.4,84927.55,48915.035,-127.74933
977701.25,-14.945059,8.316707,-126349.24,1468523.9,-132761.88,346916.34,306510.0,-68759.14,-326968.25,422274.06,-47.909233
3099695.8,-283.49045,84.92987,735634.75,2687574.0,3653693.8,4263713.5,773183.9,-1836799.5,546806.1,634708.0,-131.01254
-92120.23,-121.716995,16.044697,529306.25,206297.19,1340310.1,-1170350.2,615369.7,-1144817.6,59953.12,1402921.6,-4.946627
-797015.2,-288.09515,72.78047,-23.6468,-1650274.4,2236788.8,-505944.53,3442584.8,-3803151.8,-2321297.8,3667791.5,-335.78586
1569.2202,-0.50226974,0.4598211,-1.320639,4304.616,7305.309,1004.6468,1344.0046,-1554.6272,251.70084,2664.599,-0.055238884
730594.5,-77.46252,22.623594,-31.341877,42382.395,617260.2,-1570058.0,729049.5,-22847.8,280856.7,1460347.5,-81.49691
6541296.0,3516023.0,-20.741592,1045694.2,4537589.5,-2494174.2,1959643.8,-567.70386,1209495.0,-3965608.0,3746755.0,-130.4979
3045287.8,2615033.5,-29.130915,290484.56,4086544.8,-2780707.2,-503240.62,1152052.5,-758363.94,-2083824.4,1794603.2,-270.9515
28201872.0,-1724.0457,11637993.0,7003858.5,23103524.0,19604224.0,39658744.0,-1604341.6,-22073114.0,2853423.0,13280005.0,-391.61633
1037083.4,-250.12152,-7.7399206,1296961.8,712517.7,2951457.2,6036185.0,-1705016.8,-1495141.1,-2298817.8,1157377.1,-72.9424
14855.95,-1.3485011,0.21670893,-121.07373,18690.13,24755.613,-2596.209,8506.057,-349.46707,0.39103386,19058.992,-1.108965
-635343.7,-144.97731,35.524105,1723962.6,499705.97,1885461.4,-104.95047,1769490.8,-668741.75,1050949.0,541168.7,-111.44117
111011070.0,-14975.475,3639.1116,-3463.8428,172512050.0,184147440.0,-236099260.0,65250516.0,-15740366.0,3252.2058,184888510.0,-6976.987
2639065.8,-88.424736,1204519.6,-304919.2,1363888.0,1615904.4,4588910.5,-1727719.4,-1165957.9,-257883.31,596296.5,-48.1114
21693682.0,-10507.4,432.64526,123608490.0,119648480.0,120209250.0,-16748922.0,54436500.0,-132318850.0,-35905452.0,79243630.0,-2251.8252
562444.1,-168.86777,47.354008,1013499.44,111555.68,1079580.0,-138.07663,1536553.9,-1306051.8,744566.25,2414144.2,-40.02646
-1757021.0,-8971456.0,149.4803,401443.7,-813454.9,7837942.5,523817.3,7859562.0,-8479302.0,-4203650.0,4812997.0,-668.7038
662098.75,-28.258259,303786.62,-201243.39,668312.8,431678.44,994446.4,-529685.4,-105854.164,8120.6104,250782.52,-14.977242
15922773.0,-2127.448,15458314.0,-6696548.0,37256050.0,25605088.0,23849202.0,-7977170.5,-23589248.0,19494648.0,8503278.0,-1275.1161
12961290.0,1332373.4,-44.467976,5370980.5,11457879.0,-6586807.5,-7151427.5,-2502487.0,-1179601.9,-1334766.5,7504120.0,-276.36047
-7758140.5,-2784.7568,759.1607,7259197.5,9659930.0,35192676.0,174.16951,13009054.0,-26608846.0,-8215262.0,17554584.0,-997.377
5345333.5,-12091775.0,169.36795,10313744.0,789349.3,7467059.5,-282.14966,-12443.516,-2670246.8,3562986.0,5643990.0,50.30509
437051.53,-61.71703,12.171191,-489141.66,300437.53,-97058.44,-1814718.5,624337.06,-324407.12,-193854.88,1090139.5,-98.5693
1377632.4,-132.1206,4.5390997,952226.8,1379411.9,948383.44,-690144.6,739146.8,-822648.0,594883.3,1585755.5,-13.0876465
10889811.0,-1036.9944,151.07849,4179644.5,12635863.0,6397038.5,3590252.2,6985042.5,-4965335.5,-924192.5,7286120.5,-251.44534
19215628.0,-1466.2438,6587506.0,4098413.2,7991313.5,15149403.0,43658996.0,-8579213.0,-16408342.0,-6856600.0,5054986.0,-490.44678
8841380.0,-2815.9573,408.56653,6084138.5,24253554.0,27421336.0,-2881.6204,44578656.0,-15397021.0,8466757.0,37959176.0,-1700.4889
41551296.0,-4051.3457,1375.7205,-14837569.0,19343308.0,84816290.0,-24551248.0,-3862471.0,7762351.5,31960300.0,57483396.0,35569736.0
284519.12,-15.436683,128961.89,-6556.0864,334348.0,325743.7,383067.84,-309518.72,-105841.195,405505.62,273325.06,-5.6546025
3910377.2,-5099811.5,58.321335,5687072.0,2243818.5,6205922.5,-120.91822,-4657969.0,-114692.07,1203389.6,3698282.8,179.30792
3494866.8,-12.328588,662969.6,-208664.27,1691703.6,463787.94,1695080.5,-3738851.8,-269627.88,-293878.16,1293340.1,-1317716.0
3407579.5,-722.92645,3709000.5,-5697048.0,9231921.0,9247164.0,3852549.5,-106835.445,-2932051.0,2620602.8,3416420.0,-138.02812
49800.785,-4.583716,11571.258,-26811.41,68972.5,62502.36,23369.23,9734.224,-16130.967,29765.746,33576.863,-0.8069814
2669498.2,-342.46805,23.45091,7274493.0,4608771.5,4709651.5,-8186541.0,-7992999.5,831423.0,474.53867,3951757.8,-657.87146
6604086.5,-1149832.8,-48.388325,3394576.0,4563325.0,-2775419.8,-6812307.0,-537663.8,-1735275.9,879677.0,4071100.8,-74.598236
6268.4272,-258.06937,148.5506,554169.1,352659.53,4388766.0,-84.085014,1222057.1,-1203206.1,-483262.53,1403423.5,-9.969477
59005300.0,-8589.762,2548.8193,44941590.0,92979336.0,115742550.0,-3144.9272,32367166.0,-13168855.0,55915724.0,47833956.0,-1722.0887
247065.02,-17.016212,196798.53,93371.16,160559.31,294601.4,496151.66,-24769.852,-217746.56,75392.48,107595.11,-6.135661
371623.38,-78.66115,17.64645,464210.06,817258.06,1277487.6,793289.06,894905.9,-749471.1,-9789.736,525583.6,-75.818695
14899689.0,-2631.139,12691794.0,-20012676.0,29478106.0,39127400.0,11425340.0,-4162706.2,479406.97,8888383.0,22449392.0,-45.618347
1092780.4,243003.08,-57.965366,1921705.2,1925351.2,-2504091.2,-301.27374,1873906.4,-448489.97,492187.3,1655971.5,-171.38078
80843.65,-685137.2,18.766163,-1035194.1,358560.97,143508.58,-2891557.5,1986557.8,-944793.25,-401394.7,2098443.5,-169.37737
2306032.0,-2708.9126,917.9037,14277561.0,7688743.5,36286090.0,-212.90471,11509107.0,-24888706.0,-6574520.0,18655284.0,-0.37185046
3475.1401,-29.007713,-0.10742398,-18.618992,4384.1694,2291.3875,-1929.3269,2039.843,-145.98325,74.51611,3981.6802,-0.15536495
3580311.5,-1875.9335,10417833.0,-10798382.0,18336730.0,30939056.0,19209998.0,1529713.0,-9692345.0,7396782.0,6282947.5,-273.88983
19352538.0,-3444.8572,1007.0443,19656008.0,9404900.0,72124680.0,-224.62952,619430.2,-19295520.0,11259780.0,28345012.0,809.24005
59433.746,-92.79373,19.999212,83761.125,711832.94,1367519.5,234948.33,847657.1,-645159.8,-98970.0,588878.06,-63.92867
8213977.5,-2014.9161,337.46088,3028892.8,22386534.0,25269568.0,-41458790.0,24345546.0,-3178495.2,8278713.5,20873838.0,-1742.0378
628355.7,-125.04421,34.40598,-24.731537,1197449.4,1624693.2,-1360377.8,834603.75,-470232.9,21.005993,1168230.9,-58.736828
8964336.0,-7253977.5,105.54014,-9065263.0,14511604.0,-3947342.5,-35455908.0,24934098.0,-15579078.0,-6162323.0,31266378.0,-1749.1704
4906710.0,-14.554202,-444629.6,-91481.64,1107689.5,1364813.0,1825834.6,-598.4653,3566794.0,-3129807.2,3952449.5,2669074.5
509.2471,-4.1173787,11.9256115,-3.783046,314.92764,1555.8457,-88.02776,247.54568,-382.65994,2.9124515,1090.603,-0.08183441
17555176.0,-2156.034,959.42914,-5411007.0,7953872.0,42465936.0,-8620868.0,1333418.0,3940082.0,11686406.0,18045194.0,723.91156
47896264.0,-20103032.0,430.11786,-18322964.0,42375764.0,-26771922.0,-102718490.0,42153308.0,-24136636.0,-17112464.0,82071640.0,-2926.58
56059.45,-14.311663,1.8744204,-2.337366,121995.49,218653.14,23681.582,38045.15,-11240.558,1.5639673,107989.34,-2.965908
-117.10726,-44.573387,10.655619,92742.62,260723.92,723404.5,-11.284416,399571.44,-153346.31,177308.1,298483.38,-11.730933
105107624.0,-161452080.0,1933.4221,-127658950.0,125573750.0,104019970.0,-312888800.0,253855820.0,-112080180.0,-77627770.0,263507460.0,-23173.426
11140807.0,236.04518,-283717.2,684378.3,13325689.0,-7358453.5,1590323.5,-10576119.0,2581901.0,-4089383.8,4943934.5,-434.68124
1970315.8,-82.6939,996930.6,550535.3,1390386.0,1027888.56,2727865.0,-690990.25,-875574.7,20744.652,698804.25,-51.080486
32666998.0,-18211548.0,-211.09235,-14707981.0,46213660.0,-8878455.0,-98509470.0,85877384.0,-44039936.0,3158742.2,85860890.0,-5039.965
85240040.0,-7231753.5,-422.73557,23597786.0,31760064.0,-2379339.0,-74053430.0,-25574742.0,36350570.0,20026284.0,64062096.0,17687602.0
173834.14,-23.171608,4.8995876,-10.296466,174509.34,362419.62,-155255.92,50077.703,31044.004,4.4393196,269449.88,-6.1986523
31734954.0,-9333.246,2444.1716,-3183.6006,81890710.0,126052696.0,-39404120.0,23295784.0,-32212780.0,-22411594.0,80881096.0,-4343.3447
67410660.0,-3406.6172,1241.5012,-3968.2559,82626400.0,61593652.0,-98667280.0,41083100.0,-13351953.0,-32487938.0,86814936.0,-7602.8115
1494692.8,-69.33758,-9.4234495,-16.820107,968326.0,1295864.0,836287.0,283622.78,-113567.664,-291321.12,1467214.8,-71.695274
14140743.0,-6047194.0,172.7876,-7514192.0,9136572.0,904651.9,-13666969.0,-2516159.8,6922031.5,-3394881.5,14712463.0,-222.22375
2066147.1,-149.87695,1281997.9,1114720.0,1293637.0,2653117.5,5028080.0,-201711.45,-1628950.2,-437451.78,456731.22,-89.60724
27016770.0,-2117.068,14447676.0,-15899511.0,27258502.0,55719940.0,33898676.0,-4190.0723,16726038.0,1107593.5,36626220.0,50310550.0
834089.9,-1005372.2,252354.17,-357718.62,1439537.2,548399.06,-1301680.4,-430993.28,-244917.08,77.78724,934901.4,-65.493164
3459551.5,-258.5884,-1.5584351,-615101.8,3235998.8,252008.45,-1030012.9,1017757.2,-1380003.5,-921568.6,3400855.5,-148.40033
11771705.0,-7613.6016,845.316,52191350.0,81095640.0,84865270.0,-2858.4023,66316196.0,-66196172.0,232122.83,68685230.0,-2690.9507
10591380.0,-3060.6208,477.68832,30497500.0,24044590.0,37645012.0,-518.32544,14667330.0,-32919356.0,-4115969.0,20569978.0,-136.03114
51246880.0,-5443.1753,1225.6694,-1783754.6,57433790.0,78629976.0,-65129684.0,11364515.0,16952438.0,44751532.0,62087520.0,-476.19177
22013906.0,-2684.6482,487.75397,19154218.0,34491336.0,25945436.0,10755029.0,-5616566.5,-31998620.0,-350809.28,14633904.0,-337.808
218446.5,-17.144585,86896.91,-12.863973,363977.0,170832.62,-50040.816,-32530.092,76843.96,70953.266,246096.39,-5.9357653
13396570.0,-86103220.0,617.9562,-13003270.0,28877908.0,33521934.0,-86003780.0,80510616.0,-25467342.0,3913386.0,72020150.0,-3841.7095
4886784.0,3751361.8,-204.05539,82.335526,6080557.5,-10203219.0,2402002.0,-536.363,5747121.0,-5625257.5,3574457.5,-324.6445
4230617.0,-9141073.0,206.81204,4570422.0,566705.8,4552189.5,-180.53119,-319658.75,-4575705.5,464890.47,3239300.5,36.26321
1259232.2,-3940737.0,37.36276,1194346.2,605828.9,2334168.2,-104.67603,479769.9,-1814942.2,767330.7,1761052.1,20.502995
-3148.4353,-13.680829,3.033288,0.09212834,80055.805,220380.75,-22192.234,82061.54,-67298.43,0.67473716,89066.4,-6.25161
203398.28,-21.782331,4.138773,189645.3,175976.34,-46128.375,-792521.4,263099.16,30928.89,128890.09,311810.47,-17.853111
5002625.0,-10651958.0,111.3369,6848600.5,1342750.1,8273598.0,-358.40784,-483942.84,-567778.44,3840179.0,3608525.5,57.36288
8366664.5,-1127.0146,305.1632,2461084.5,12623066.0,17006470.0,18035352.0,5457013.0,-11146947.0,-3569460.0,1841422.4,-1542.9147
-19002.482,-15.040763,3.2220447,-1889.4778,68432.164,258816.1,-149588.6,172428.48,-76110.33,1.9363225,166620.55,-10.215374
997378.94,-2205535.2,24.332813,-9.733573,766650.4,1298107.0,-2161835.0,1141618.4,-402415.9,302695.16,1518105.0,-18.20409
8471327.0,-10014732.0,-132.72495,8565450.0,4340909.5,6085606.5,-12569069.0,-1684651.8,-591546.44,1133222.6,8774470.0,111.44901
8077388.5,6115631.0,-158.90971,6247284.0,11309338.0,-8877243.0,3200440.5,-1864.5394,11714217.0,-7221134.5,13042808.0,-487.3707
37134010.0,748.19794,-535.0749,-354.98672,33084932.0,-27582314.0,-4091266.2,-49636676.0,34807720.0,-23054548.0,22585316.0,-1964.6329
13457575.0,-1438.5022,13828596.0,2986126.2,7869209.0,23069290.0,36064932.0,-812522.6,-16491003.0,1123435.9,2103383.2,-454.11856
481778.12,-39.097435,5.1037736,233420.06,456119.16,630236.06,-81339.11,-61743.062,140998.16,256576.36,579441.94,-57.681576
81143390.0,-8046.441,2078.9126,-1829.7963,81107710.0,106563550.0,-147556180.0,17001062.0,8224167.0,3273.3174,118003950.0,-1310.6807
37599550.0,-4709.7363,1186.6698,-386.9088,31837912.0,58082504.0,-2731.0544,36112576.0,-2305788.8,15194377.0,57532400.0,-543.8399
4140173.5,-6414280.0,-36.0519,5505036.5,2312823.8,6160315.5,-263.40128,-3636071.5,2582946.2,3454114.5,4717579.5,112.09333
504623.75,-26.016275,-9.476276,465742.03,1037869.6,322019.47,-1558975.0,813472.25,-9495.797,162990.4,553292.7,-111.48282
55987290.0,-1108.0216,503.8588,-1854.6433,56968680.0,-10296321.0,-51795812.0,-10687102.0,39633680.0,389746.88,47700268.0,-1238.5088
29153548.0,-37842532.0,-800.28534,-3047608.8,57788930.0,2724819.2,-56964748.0,102383416.0,-47707236.0,-39534284.0,79686720.0,-8978.0625
185911.22,-15.226676,4.157809,50337.062,125524.2,230133.78,330601.12,24023.873,-58924.48,23395.385,122318.38,-6.5103545
256904.27,-31.22193,11.720749,-17.402456,142197.2,504718.6,-599907.75,363923.84,-92856.34,2.6632197,499862.4,-38.126053
5518751.0,4186563.8,-98.81503,4296077.5,5799543.5,-5634422.0,1851043.8,-1098.9769,5761262.0,-4275570.0,8026139.0,-190.56168
7560686.0,-757.8899,30.332066,5532765.0,7499257.0,3938513.2,5299416.5,5440135.5,-5165065.0,-2079324.0,6516575.0,-500.8357
20902500.0,-1061.9565,1138435.2,-15260946.0,30249246.0,19095748.0,-1107461.9,-6547490.0,15668158.0,17721684.0,24123024.0,161.52827
-42376.598,-5549336.5,60.8431,-2261247.5,-147177.16,5988515.0,-2010195.8,3480998.2,-1179091.0,11.669361,3538333.0,-207.81897
12509567.0,-1665.5903,318.0647,3470810.8,15398030.0,20601620.0,-1557.7172,13841494.0,3449694.8,645.14105,19037312.0,-686.9699
2096818.2,-6602683.0,152.19225,1660332.2,634834.4,6795956.0,-853960.6,-1414887.6,-2206987.8,614996.3,969025.2,135.2825
4640594.5,2128168.2,-56.246593,1378613.6,4462675.0,-3332101.0,-3951195.5,-1897254.8,-109410.414,-489869.53,2745793.8,-88.07518
40763.293,-10.932267,1.5657226,-1.0898461,121047.66,158322.05,48918.633,30949.09,-42070.812,36052.383,52542.227,-1.695073
21453030.0,-5000.183,1121.4792,-248.67654,44731356.0,70702440.0,-1883.6743,32379614.0,-14139113.0,17997556.0,44433230.0,-1693.0352
7321504.0,-874.1798,2830414.0,-3614642.5,9473256.0,12398141.0,3621796.0,1758378.2,160019.53,3352549.8,8878943.0,-100.629814
12073694.0,-28778736.0,148.96262,8770627.0,6441460.5,14248532.0,-1062.7928,9483879.0,-3486911.5,9172947.0,17960580.0,-56.34145
3421.05,-0.13635589,1047.2814,-105.05576,4133.7637,1648.2495,2812.514,-1453.5582,347.36664,483.4755,2058.5918,-3.279887
11070973.0,-105771304.0,1606.9808,-9819881.0,41633760.0,34372804.0,-111521410.0,98951430.0,-48167440.0,-2115768.8,86862480.0,-5376.2188
-197129.5,-106.08701,36.434177,-107577.516,-370610.84,1834330.8,1297219.2,525438.25,-634160.75,-396064.88,701465.6,-59.381683
373452.44,-18.363214,185173.38,-33600.87,359387.03,334057.9,600349.06,-74058.38,-118074.76,47571.965,193851.1,-5.464618
8296923.0,-2731155.5,-930344.1,3726824.2,6588207.0,1236434.8,-4715572.0,-5372441.5,2652173.8,5327265.0,5399422.5,-278.30533
14661824.0,-890.4773,80.775665,7122691.0,7073524.5,9844215.0,28288474.0,-4910156.5,-6030769.0,-2987645.0,7301154.0,-541.2032
52918.496,-20.45252,0.18817958,39333.96,409379.44,76360.164,-715837.1,142522.44,68132.695,246601.52,81174.44,-30.928387
-2391252.0,-5411234.5,74.73703,-3975509.8,-1449862.1,5721932.5,-4277722.0,16695470.0,-15420450.0,-9529832.0,10983800.0,-1554.1384
159553.64,-423621.47,-2.936614,280167.62,157063.02,206994.2,-32.233257,265005.9,-76675.016,222643.73,327586.53,-7.6501427
33660510.0,-82973690.0,419.9519,22629878.0,21255826.0,17362934.0,-4083.5093,47392070.0,-30177070.0,20025814.0,58975676.0,-1247.952
19100408.0,-1019.8262,1311689.9,-11395990.0,16028907.0,25508388.0,11647166.0,-2296.43,14780291.0,213656.98,19658972.0,27993594.0
191039.27,-37.456406,7.585409,-9.057207,228751.64,581870.9,305524.12,39602.11,-2529.3284,-6849.8325,248765.33,-3.443174
9350371.0,-15300639.0,153.62901,-12686442.0,12541567.0,6459692.0,-27006310.0,30350770.0,-18368508.0,-16553972.0,26351098.0,-2869.8528
15989536.0,-1102.9036,304.66553,1777876.0,9967894.0,29415686.0,11294336.0,-14901734.0,-4898683.5,4214407.5,15066880.0,20465062.0
1998683.6,-3475354.5,80.73474,2620527.2,396451.56,1065295.8,-95.371704,-427892.53,-2174151.8,-111431.87,1340199.0,-1.5237236
8290546.0,-23579912.0,272.3059,5751508.5,3198412.8,4013410.8,-1099.6947,12739582.0,-9700015.0,5621600.5,16743498.0,-313.37476
383482.72,-28.327402,147408.5,-16.999311,493958.12,592008.6,100173.59,-277506.8,183969.28,9.000599,432610.66,-11.130562
1531344.8,-3026178.5,91.788376,576799.06,5139813.5,-4707129.0,-7021815.0,2909960.0,-8132978.0,-4759489.5,7323209.0,-340.60703
51787028.0,-9561429.0,652.6322,-1535.5984,47215236.0,-2091090.5,-47963580.0,2328250.0,22720572.0,-20506702.0,49951980.0,-2432.2043
237897.61,-1568014.5,11.855646,347557.66,370753.53,878784.6,-40.543407,765367.8,-242355.0,512180.72,483387.47,-9.895636
14944695.0,-582.73254,-111.503494,5271247.0,12894868.0,1584259.5,3506622.8,7905023.0,-6327013.5,-5470970.5,13613276.0,-966.9655
4256091.0,-16049367.0,200.08221,-4564779.5,8519889.0,11791950.0,-14801984.0,10586376.0,-4367796.0,1878909.8,11471130.0,-784.15405
2495662.5,-1977.6637,408.9691,10949568.0,13593901.0,22902040.0,-712.599,15097014.0,-10405580.0,4368997.5,14770726.0,-470.21942
11071.129,-7.039104,1.3015043,56.506428,61983.527,124397.8,-31606.033,69688.42,-27574.72,1.3924855,65953.12,-5.132569
653879.56,-59.630318,8.482883,15605.34,723081.56,873121.3,-1811109.1,453431.78,192554.05,16.942667,996611.6,-42.10395
443611.03,-3858049.2,26.40819,-1620040.4,3142431.2,350381.44,-6470199.5,8512613.0,-5771800.5,-4418588.5,5844752.0,-862.4846
94026.97,-10.237054,2.2040827,-8596.204,18423.16,225683.52,-5885.8354,-18714.932,-13217.404,60389.043,113106.25,4.258792
16990770.0,-3596.7463,421.1801,2100423.0,35512896.0,35664988.0,-3910.7485,55238156.0,-16447569.0,10205683.0,55788532.0,-2591.6965
4403672.5,-265.8676,2190073.0,-3745108.2,6151997.0,955768.3,886218.5,135352.8,326719.97,-58860.312,3231598.8,-120.88157
4342923.0,-441.30273,-79.478355,1302135.4,599552.06,2420195.5,7430207.5,6875416.0,-9037532.0,-7095570.5,6994682.0,-819.03876
-2210504.8,-371.3117,126.41557,2789749.8,1001879.3,7227364.0,37.731636,1707611.8,-1937651.0,96.97673,869327.0,-79.25415
32469238.0,-4057.585,136.63261,45717920.0,64734590.0,4527288.0,12438405.0,40668080.0,-70008770.0,-20772518.0,43397360.0,-3286.174
6853.384,-53.396843,13.630607,-7.718496,10759.81,935180.9,-470381.1,521248.2,-125249.12,2.729612,644154.5,-26.774548
-26021240.0,-122774340.0,1615.9446,-21831712.0,38943376.0,90882824.0,-32219486.0,103274264.0,-99470200.0,-76680936.0,56804428.0,-11954.916
9688170.0,-34142840.0,237.08243,-6671920.0,17324086.0,20295554.0,-47024070.0,29028686.0,-8019064.5,4428832.5,33661190.0,-1955.4323
160920.45,-2947236.8,34.30718,-453303.44,677442.9,2128892.2,-1107054.4,1344032.5,-1679418.8,-1219845.5,1499799.1,-92.640335
2901662.8,-3370.114,-505.96896,35150944.0,57718810.0,5858025.0,-22060682.0,50986880.0,-51585344.0,-22278814.0,36869900.0,-3887.1482
4111791.2,-30771564.0,150.82722,1209571.9,10904249.0,17212312.0,-7296517.5,20318198.0,-16472482.0,-12332401.0,19116112.0,-1263.4546
6487310.0,-875.82874,4377014.0,-4155894.2,11874069.0,20246542.0,7798820.5,2130627.5,-1930541.0,6347532.5,7792461.0,-62.1285
5716889.0,-3066.3196,670.56067,11181452.0,26311520.0,27787772.0,-7880924.5,30463656.0,-26169860.0,-18015030.0,24581530.0,-3079.462
3159067.0,-6.5542655,-915705.44,505621.03,958825.0,445013.7,115634.06,-4279212.5,-44408.87,-240791.62,2014085.5,-45.592857
710188.0,-520825.78,939.4669,477511.88,616952.94,167994.1,-282906.78,-227972.47,201478.1,267234.72,476768.22,-19.894829
18152432.0,-36361730.0,262.9372,15762153.0,4675951.5,30384728.0,-805.5258,333271.03,-2480252.0,12077105.0,14147724.0,472.4164
2198244.5,-1581528.6,-11.123534,1655100.9,2259623.8,614290.75,-176.56891,-1646041.1,1495406.4,2319841.5,1505378.9,-98.65991
-738643.06,-4184.4536,1522.9885,20907854.0,33825400.0,71158344.0,663.21326,21503230.0,-61098544.0,6137962.5,10050605.0,-575.62787
38798.32,-4.4742074,0.3373817,-28229.223,1915.566,106185.02,-16407.42,-18334.244,7935.3076,277.3837,51001.188,-1.3580443
13250.734,-2.3449638,5010.5747,-15576.666,26425.535,34815.355,-7526.5146,2292.2197,-8697.596,11606.996,13201.883,-0.2240151
249678420.0,-7159.521,3600.9358,-8272.63,245486450.0,-2337210.5,-287460000.0,-5503605.5,138031070.0,-24276942.0,216365870.0,-9273.226
-57603.074,-319370.28,4.1031766,-69553.92,-56227.465,278399.22,-109516.195,240117.72,-89117.83,396.39648,212124.38,-13.085386
9880191.0,-2381.9722,345.75275,4300042.0,11979013.0,20601186.0,4279595.5,28256104.0,-28547984.0,-20829142.0,27743796.0,-2364.076
35759.965,-435623.22,7.928675,-351520.75,240418.95,489183.94,-866298.4,1110233.6,-295321.28,35767.28,836249.2,-73.24627
3513558.5,-194.77039,1987765.2,655212.8,2373028.0,4927521.5,5063221.0,76482.63,-1408135.6,1913661.4,2556845.2,35.064804
1261783.2,-99.08881,24.211952,824251.3,699433.56,1626621.1,3027092.8,-71680.08,-1001326.75,-217586.16,482806.03,-63.049423
1784587.1,-725.2688,195.76396,-91.74776,1100662.1,7367176.0,-6573053.0,3296933.5,-3376913.0,-1479705.9,6378242.5,-584.08997
42520340.0,-4106.6606,1164.8824,-811.47455,40263980.0,29649310.0,-55524572.0,40277624.0,-13666858.0,-715639.0,56712464.0,-2893.8447
41679108.0,-7793.4824,2163.218,-1058.3622,53635644.0,79907576.0,-97494660.0,79838780.0,-43861830.0,-17079998.0,102151496.0,-5936.186
51989570.0,-6131.2925,1253.907,11166328.0,45557972.0,85386470.0,-4416.6616,49252764.0,-18281982.0,13968661.0,82278904.0,-646.554
71369.79,-4.5798554,28528.393,-666.41046,92927.1,58514.03,46831.863,26419.48,-14608.209,18302.629,48735.613,-2.4114258
13957938.0,-2642.0483,734.0589,-234.31529,19106804.0,28310244.0,-1101.7681,20705232.0,-9193043.0,2657905.8,26384354.0,-973.06104
11764127.0,-21308438.0,-139.10637,-9276402.0,25785652.0,11348143.0,-50047284.0,12837423.0,2936419.2,550.09296,20722674.0,-1764.8151
8774563.0,-500.34995,3445860.2,1944172.4,6160838.0,10342497.0,8126921.5,-8337560.5,-3401796.8,-443136.3,2833567.8,9123715.0
6817417.5,-200.22218,2132464.0,1310493.5,5766520.5,1595655.8,6472981.0,215665.2,-3148050.5,-271897.56,2673643.0,-171.03262
383602.94,-110.882286,33.376385,-12.571383,635294.8,1180703.6,-324945.25,887762.3,-640097.7,-400369.88,814893.44,-35.015873
10610618.0,-276756.94,-10.025321,-218967.39,9884477.0,-2472296.5,3645.3982,2030642.2,-228426.4,-1918873.5,5183190.0,-397.52292
2602779.5,2464546.8,-161.52525,-1544932.9,7564125.0,-6140718.0,-12668236.0,12091109.0,-5463558.0,-3453561.0,9153841.0,-1010.2088
10509320.0,-755.8985,4466498.5,-208401.06,5095725.5,18236244.0,-1194485.2,-1120004.6,1969810.2,8828902.0,7200248.5,8635902.0
6011526.0,-619.979,109.78514,-3152132.2,4389371.0,11366984.0,-823334.2,283309.12,121774.16,4627573.5,5939325.5,193.63022
17432062.0,-1390.1205,7659063.0,-323.31717,22675318.0,34338410.0,10455225.0,-1178365.8,-536703.75,13582599.0,18087876.0,-491.8743
1532464.8,-225.2556,57.37352,-880074.4,1720647.8,3227297.5,-2327859.8,748597.1,-772608.2,54.701675,2303900.0,-82.78487
2609894.2,-927.3053,229.72794,3752121.8,4611198.0,11830250.0,-3014423.2,4138473.2,-10781524.0,-4236375.0,7913506.0,37.214207
19373960.0,-911.87354,220.91322,-862.1769,17697534.0,13039557.0,-17118044.0,2334075.2,1365688.6,1211287.9,18649308.0,-1134.2802
43485.31,-32.196285,8.109904,-47381.355,162625.47,602190.8,-386658.6,363161.78,-149163.75,-7073.612,432341.62,-24.91399
23018.357,-3.506999,0.93188524,192.016,45013.992,61032.9,17749.342,48308.086,-22562.17,-5593.5024,29476.734,-4.0387096
14312274.0,-1481.5631,2466862.8,2166431.0,3214708.0,12141433.0,38682804.0,-14155225.0,-10773773.0,-12129506.0,3311021.0,-709.29987
2470.4714,-0.8658303,202.77248,-268.19714,5778.8086,13537.517,8465.857,2908.344,-4160.7114,70.217476,3795.323,-0.11634278
81887.62,-19.653458,4.729318,39232.34,177912.53,317769.47,4523.5215,74857.84,-20396.822,6.703274,106479.57,-4.919122
36268924.0,-12401207.0,124.92179,-52437080.0,39848616.0,17844980.0,-118365170.0,82764860.0,-23757868.0,-12641778.0,81975220.0,-7329.896
-138270.6,-35.314243,15.87543,120605.766,55495.652,663351.5,7.048139,306668.84,-445184.28,-47344.957,218078.61,-13.7069645
7709936.0,-16206323.0,-30.78889,-4871448.5,15697312.0,-5206296.5,-55291652.0,31987972.0,-10848333.0,874368.56,30812064.0,-1932.5565
2467089.0,-77.04319,1629420.2,74052.95,1380138.4,1720110.2,5375355.5,-1587672.2,-1459268.1,-189476.0,542579.9,-58.38089
-218365.9,-191.23659,13.80608,576319.3,2044293.4,406842.22,-2234850.5,1887926.8,-2104679.2,-1133927.2,1327294.1,-245.18752
2681046.8,-356.4113,109.19694,3233360.2,1864619.5,2951554.5,-217.99763,2319187.5,-2026133.5,911186.06,3429051.0,-67.43106
925813.94,-56.142284,11.731764,559161.4,636452.2,3689.8933,-1847738.2,336485.1,72092.42,445031.66,731019.6,-38.049843
6587735.5,-404.38275,145.08301,2560448.2,4571326.0,6965287.0,12162038.0,-889043.56,-3240015.0,134020.53,3097180.0,-164.24654
2928621.5,-2396313.0,9.053707,878304.2,3171140.5,-1117670.4,-1175993.1,1302080.9,156991.73,295522.78,1782566.6,-80.979645
17645868.0,-492.33716,1692635.9,-5682461.5,5376297.0,10635422.0,11545888.0,-1234.4292,-1128264.6,-2054773.0,5825010.0,4235598.0
7305144.0,-15024823.0,58.53921,-3971188.5,11872318.0,-1146707.4,-30401066.0,20623780.0,-6873602.5,458524.22,19727708.0,-1184.7273
17379.055,-1.1125374,5564.0537,-11689.955,25702.49,14455.894,6910.9297,2432.2085,-470.99033,8497.603,13264.157,-0.20593911
597170.4,-176.72972,28.394196,-9.075825,2284984.2,1930568.5,-2023013.4,814900.75,-493352.3,59.035378,849093.9,-81.69514
2942388.2,-4971004.0,30.440662,3227736.5,446549.7,3949593.0,-112.5596,-843890.0,-1240865.5,1073513.0,2194770.2,77.41206
2230.8354,-3719.791,661.74567,30447590.0,36251836.0,39640372.0,-243.11992,19723720.0,-40914892.0,-4534054.5,18607532.0,-1009.5009
102502130.0,-20030378.0,1116.8856,-2436.7664,88325010.0,-21082944.0,-140093220.0,38847030.0,15632507.0,-38645064.0,113472640.0,-5847.144
7084270.0,2917785.5,-74.83633,-2750493.5,8361100.0,-3594697.2,-9628232.0,12753134.0,-8737093.0,-4522617.5,13048148.0,-993.5375
430922.75,-691957.25,4.7051206,-85052.42,638114.0,520589.62,65892.98,809999.3,-293107.66,-222463.47,563027.3,-60.48657
17882984.0,-32835216.0,76.61536,-810.5165,29323084.0,20053892.0,-57193320.0,19484868.0,-4469193.5,418.52454,33096944.0,-2087.2605
169846.25,-116.77222,6.834071,43615.945,1260882.2,1038917.94,-118.40973,1818642.1,-546782.1,98483.875,1561960.8,-122.73203
1027815.6,-316.21185,86.028076,-40.83829,1175327.9,4760046.0,-1497733.5,930766.2,-218961.6,19.758312,2549644.2,-43.874485
23200294.0,-29804848.0,-324.7456,27049018.0,14343610.0,-141069.03,-2725.6262,17288074.0,-6573219.0,14666119.0,22654874.0,-747.048
4420637.5,-23905364.0,808.4468,9451135.0,771169.9,18922534.0,-203.10652,-3173356.2,-12824304.0,-1757870.4,5268003.0,268.54468
26990066.0,-2945.737,-188.94112,26342878.0,25997640.0,14949528.0,23003664.0,23443492.0,-34858732.0,-23163806.0,31762012.0,-2054.3499
2300670.8,-556.12854,111.397316,-116.628746,4977672.0,7092100.0,414816.7,1010072.1,-536873.0,421341.2,4350811.5,-71.22339
148059.22,-11.421045,146950.94,116450.52,186129.2,161644.84,226523.42,-8.452998,-176060.17,159490.81,141796.3,-13.517708
16098193.0,-473.82648,7693711.0,-122705.22,14683075.0,6664180.0,20677388.0,-1606208.4,-8117734.5,2688546.2,6056390.5,-408.81436
26228038.0,-3587.4219,1120.376,-29330032.0,37201780.0,26710492.0,-105090770.0,64322524.0,-29198248.0,-13086734.0,75646780.0,-5580.3784
1831990.4,-214.47093,1249536.2,-99.50248,3190085.0,2302321.0,33961.395,808745.06,89679.81,527600.4,2357153.2,-66.198555
1509243.6,-9926133.0,118.77747,-145051.84,1027496.8,13636022.0,2916688.2,-1345630.9,-1982209.1,-511815.53,1052546.1,143.20648
10649431.0,-39545212.0,795.2475,-25492560.0,29004144.0,29645516.0,-58994210.0,63336356.0,-34501044.0,-13853979.0,62152336.0,-3938.0938
19623.887,-1.2274798,749.50104,-4170.4204,12399.685,20958.328,11444.65,-1533.2102,-2866.2097,7150.9194,14022.302,-0.17635141
167017.45,-61.276688,14.823523,1.2676369,306305.62,825701.06,-23.019636,530676.5,-167406.94,227199.19,487436.94,-4.3311048
10260143.0,-1487.6509,342.82138,-156.70169,11156818.0,20632804.0,-11776615.0,7152698.0,1903752.5,8062704.5,15506651.0,-5.36867
76662.06,-788772.4,10.078598,-409245.78,23974.088,890052.94,-531135.75,859012.5,-432604.4,-140886.4,766755.94,-62.726147
9331454.0,-4393.5845,770.9888,319.5561,36712004.0,50058064.0,-10559026.0,29960406.0,-26146666.0,-13352375.0,31752258.0,-2550.2341
2344397.2,-113.787605,18.704554,-58.162045,3290010.5,199526.42,-941348.44,978144.75,-56618.46,-636365.5,1972598.0,-149.1653
16000539.0,-1650.993,152.4249,37787370.0,31683096.0,-10948954.0,-2660737.2,10728157.0,-37208890.0,-19095032.0,8496629.0,-1047.6295
106422104.0,-520145180.0,2823.3533,-134249580.0,295444960.0,284320130.0,-419378560.0,572281150.0,-389765100.0,-299802140.0,487792480.0,-57545.883
30624388.0,-4964.1006,567.25745,47756856.0,57507892.0,48854430.0,-3763.2744,49455348.0,-41634244.0,18818322.0,52714440.0,-1941.3768
109117.41,-17.671722,73594.266,-4.6815844,237843.94,206529.6,-1479.4031,40752.094,-51957.18,79136.88,129563.055,-4.133802
13405951.0,4252028.0,-2277605.8,4397293.0,6600907.5,-5542154.0,3891827.2,-2314.3062,3649399.8,-3580039.5,17137934.0,-428.52924
60935304.0,-53847420.0,915.5716,-2073.3845,48595932.0,14781088.0,-124852904.0,52834828.0,-1023902.4,3538452.8,76666040.0,-4834.772
1400001.6,-7675713.0,87.079605,-2015835.8,5868834.0,7624218.0,-5014533.0,13866042.0,-11002545.0,-8686984.0,9641383.0,-1133.8462
836352.4,-25.82519,485965.16,130586.48,425677.34,576859.6,1661053.8,-998952.8,-391457.2,-16866.55,381339.16,-20.077383
55713.535,-2.5277107,5551.618,-23196.615,33208.86,43241.574,14569.732,-19914.326,-6081.0664,19579.555,25705.803,-0.3330882
327207.6,-27.01814,263261.1,-149232.11,395923.1,482799.0,672233.06,196886.14,-471731.75,-59134.965,75715.34,-40.517597
44696.53,-322197.03,1.5852401,-23832.99,204768.22,248927.77,-269709.7,203543.14,-106643.87,51090.098,215737.05,-14.823134
21408506.0,-5386.086,353.1671,7560931.5,73565544.0,67483464.0,-118623730.0,68429304.0,-16406665.0,20543424.0,59860164.0,-5066.8433
553188.9,-68.00056,20.57296,-297421.4,747253.8,917118.1,145377.06,577942.9,-508586.75,-363386.44,688711.2,-46.94023
5482416.0,-478.43903,32.616165,4682565.5,5179123.5,4375460.0,-272.5204,-2017533.1,-4498668.5,2535411.5,3255705.0,-87.00048
19585390.0,-6508.22,257.07248,57219244.0,72702450.0,51883236.0,5668028.5,52785572.0,-96193010.0,-27972968.0,52504040.0,-2661.2424
416147.6,-174.97595,53.694122,2545762.2,847844.4,-552059.9,-61.19114,737462.7,-2590538.8,-1683224.4,828425.56,-98.97544
17886234.0,7785281.5,-907.79486,-25663136.0,19186352.0,19426412.0,-26973804.0,48301956.0,-46796876.0,-47888076.0,29352154.0,-7008.816
80494980.0,-7166.981,1918.7825,-2037.4783,77476184.0,70570984.0,-137002340.0,36985150.0,12507798.0,2253.521,102502400.0,-2000.6986
6330758.0,-2504.2964,514.62695,18667356.0,20260556.0,35598376.0,-167.72498,12218457.0,-25535938.0,-1003989.56,14155152.0,-92.87839
21736386.0,-371.03546,3837486.0,1435262.0,14823883.0,2890656.0,8844984.0,-11197373.0,-6089507.0,7364261.0,9355267.0,-494.47382
-1661597.5,-1268.9714,314.19086,1772155.6,6314930.0,15444657.0,-5595414.0,11652390.0,-11291123.0,-5677233.5,11803567.0,-655.19965
376093.88,-39.583942,5.61657,-18.708834,401885.3,833946.94,293397.75,143177.55,-285233.44,-123338.586,379647.25,-34.324787
1274070.1,-1979803.4,25.97518,-2528004.2,1802046.5,265337.8,-8805948.0,5972349.5,-2062705.0,-213720.17,6858050.5,-409.774
109725320.0,-8477.157,2364.4392,-3418.4197,117619660.0,44864852.0,-147933890.0,18658466.0,35327564.0,54552012.0,130671300.0,-2613.5957
21741772.0,-4197.9404,604.58746,31610344.0,52934936.0,27373722.0,-1595.7083,46089820.0,-20706284.0,12501824.0,24636446.0,-2431.6216
16293687.0,-2170.4712,132.14088,2134190.5,2586127.2,27613576.0,51033972.0,-4151811.8,-14465354.0,-8182407.0,6289664.0,-775.2724
764111.8,-143.73596,14.16814,1538223.2,245823.8,-966955.25,-122.23049,1432657.8,-2133313.8,-726772.94,1917269.4,-88.479774
107888.18,-21.844412,5.094991,-5.0423174,218041.0,313072.34,-194182.05,168894.61,-119697.53,2.0303414,218248.33,-15.480315
458128.47,-41.236195,-0.08111856,644458.8,618528.2,404450.38,-51.783493,-90831.76,189642.53,594121.4,360149.9,-27.692068
466288.94,-31.276478,63861.72,224057.61,415303.62,520128.9,-542886.56,-180784.33,61755.6,507167.78,347346.03,-1.2801968
4984631.0,-490.16144,81.90849,-808212.94,3184674.5,6893379.0,-2923162.8,1832016.8,1676675.1,3768699.2,5331923.5,44.792187
-360569.78,-380.01324,161.84502,-23.87523,-1476275.0,5137819.0,-313202.78,2206613.8,-2269566.5,-203373.58,3958012.8,-246.16534
107303.04,-4.0648675,6006.402,-10950.999,80974.91,66209.72,36604.164,4407.157,-16001.809,42465.074,69738.96,-1.7842662
1753238.5,2532587.8,-125.61007,-140260.58,2540124.2,-2937299.8,-4177612.8,1787345.5,-229331.67,-1284487.5,2295095.0,-221.77737
38277.098,-21.253273,4.0837817,-0.81420887,247255.83,299498.9,-83155.54,121513.78,-132844.97,2.8625534,106594.2,-11.322823
112431.76,-187193.56,0.9086556,105527.984,238901.02,161812.72,-336999.4,44365.824,51360.438,228634.67,137017.94,-15.394496
6689.9834,-3.6628783,0.6372277,-0.2491475,32229.496,51197.383,4829.266,7817.6436,-16362.871,377.1273,15176.833,-0.7926318
48215.02,-3.7515428,0.28655666,-13767.937,5458.948,81757.17,28709.373,-29430.3,-3071.8054,13314.926,34823.36,-0.7397244
343019.62,-19.215342,4.3314257,-16.395576,336584.1,158918.75,-519517.16,82920.93,58529.137,2.5996673,350118.1,-22.858904
130871.41,-34.749924,9.852707,364157.88,454420.97,378332.7,111745.766,19712.137,-321512.12,236316.88,148343.02,-31.376743
3568600.2,-4708702.0,37.065723,4031963.5,1615532.9,3585158.5,23.546427,-2933970.5,366726.16,558307.1,3050433.0,131.52347
10487403.0,-66811476.0,404.7537,6311386.5,17524580.0,29639094.0,-2053.6914,33723012.0,-20047758.0,8722290.0,35329790.0,-698.3292
710066.56,-759.23755,74.15732,852026.06,-1857446.4,11956086.0,13189968.0,-4133346.0,-5019907.0,-7662595.0,2326320.8,-289.91794
157752.36,-182306.55,-0.9231094,57378.535,143336.55,90343.72,-169646.81,90721.38,-84172.33,40997.926,179853.86,-2.5565624
4793485.5,-15180294.0,-112.18645,10391683.0,11557925.0,-1292187.0,-1911.803,18734620.0,-907403.9,7986214.5,10871626.0,-1139.2018
1090814.1,-194.40114,40.48235,1549326.0,1803858.2,1715562.9,-269.97702,1444758.1,-6587.7183,1494169.5,2160725.0,-117.12147
-8251061.0,-1650.2031,507.4072,-85.6033,2542055.5,10424427.0,-632.005,12229412.0,-15821230.0,-11389388.0,13690998.0,-1499.2141
24394.0,-4.5723553,0.6597058,-30.178886,53652.242,68509.3,347.95883,28771.012,-17583.242,13412.785,40170.09,-1.8793865
354088.5,-1168657.0,14.644286,-427931.28,484258.03,731949.25,-1234986.8,1110350.8,-470606.4,-219478.14,1267923.2,-62.042267
1378547.9,-421.24133,72.33924,3804219.2,6199155.0,3541128.2,-307.3048,-46896.242,-1722881.8,5265133.0,1105029.5,-275.0513
4262941.0,-799.79736,184.89702,-117.47079,3940611.8,10881679.0,-6335448.5,1828570.8,1924967.4,153.74214,8399637.0,-61.741283
-95.07534,-583.36884,4799134.5,743764.44,3550722.2,11172084.0,2586515.5,1201341.9,-5116419.5,3262622.8,3469980.2,-67.23299
165705.69,-37.839165,8.495801,-144344.42,332403.53,711907.44,-681731.8,352719.8,-146330.1,4.9154587,582424.4,-28.319881
182225.2,-50.16902,0.8569814,378693.94,146696.12,443385.34,820296.94,453591.78,-772926.3,-575427.1,400756.9,-62.334545
2495478.2,-90.78881,985678.25,-828819.7,3844636.5,1465490.0,2965862.8,-3058591.8,882177.7,429082.56,2142643.2,-121.56258
12702019.0,-1516.8549,377.79828,-1293608.0,3856639.0,24355790.0,-626.4898,7380888.0,1965064.5,9825398.0,13578907.0,144.59718
1593129.9,-55.18555,123087.99,370790.44,1623773.0,-195195.34,-22959.111,-1296434.2,-916856.4,1244030.1,659243.75,-148.76395
16270424.0,-1130.307,5650701.5,-13249447.0,12988582.0,26727056.0,16394794.0,-44224340.0,19594788.0,-10527930.0,17443982.0,26023998.0
206029730.0,-10361.298,118807256.0,-8011.676,289040900.0,130234910.0,28890070.0,-108520890.0,135137900.0,-43090556.0,218567580.0,-2598.8667
166050.34,-35.2837,12.017523,194308.08,103167.44,650038.2,-1.3114846,49907.258,-243963.92,192200.73,144088.81,9.512987
34017.758,-14.585722,5.1659455,-6.8203783,105473.586,199212.39,-122250.22,36575.004,-11257.552,1.508476,98382.55,-9.16148
1917.7764,-3699300.5,32.23526,-412870.44,1067339.0,2846250.8,-1277864.2,2773723.8,-1246295.0,99851.3,2002751.5,-214.50325
70476.18,-21.249659,3.29561,121946.664,198006.42,279346.66,24773.44,7486.531,-109648.97,15677.789,179205.89,-3.18482
18091840.0,-1097.4406,8483729.0,1643921.6,26951336.0,14260295.0,9830647.0,1609378.4,-3290875.2,6998557.0,10995866.0,-190.63841
-11919.903,-10.669259,2.8537798,-25.76315,2533.4229,214656.34,27329.39,59443.312,-23821.617,0.77376217,89351.98,-5.378996
27428858.0,-24477212.0,106.66853,30506222.0,19706244.0,3856024.5,-1671.1045,5435613.5,-23562.908,8838366.0,19127890.0,-448.00357
48748.0,-35.029327,4.456825,-4.7446933,-67365.086,315003.3,-194309.14,422640.4,-230948.8,-123208.43,532530.3,-29.20564
1181859.2,-114.521805,892006.06,25099.506,433812.7,2275367.8,3501260.5,-928695.4,-846640.25,-313226.28,294248.1,-24.583542
6481628.5,-360.2766,35.946144,-543313.94,8087696.5,6455986.5,-1986366.4,14262431.0,-8412211.0,-5921280.0,8559539.0,-1903.6976
1483542.6,-235.22716,57.068672,-74.72819,1983976.8,3444638.0,-2659955.8,1375867.8,-814710.56,11.812345,2650238.0,-121.060875
55704284.0,-89301730.0,855.1292,-37590044.0,64087676.0,31308740.0,-163238640.0,71201580.0,-12222269.0,10368079.0,93765940.0,-6471.4
-140217.03,-81.94988,22.724577,278029.3,158732.81,1614812.9,523123.66,285670.7,-629560.5,364942.1,310720.56,17.314392
10783761.0,-2008.49,4616283.5,-344457.7,-1685050.6,20719242.0,39789970.0,-22096020.0,-8760826.0,-18862284.0,3479994.2,-447.66724
951249.8,-142.71754,793446.75,-713613.25,1608830.0,2652145.5,896807.56,-35182.035,157.10925,878796.25,1405891.1,-2.0605023
6130489.5,6884058.5,127.42855,-3037365.8,9248217.0,-2911179.8,-2196401.2,6529043.0,-11890719.0,-10718797.0,8959973.0,-1086.1985
36973.7,-12.837073,3.5680835,200509.98,124239.28,227559.42,-11.441191,66471.414,382.63675,211199.39,91228.24,-11.516872
3934218.5,-936.1985,205.4505,1532284.5,6759989.0,11357660.0,-895.49054,11944032.0,-2543808.5,4689885.0,11898195.0,-475.95258
11855939.0,-15194500.0,-231.09218,-4400146.5,23053084.0,11510371.0,-14671569.0,43321896.0,-26832930.0,-23149400.0,31274532.0,-4233.737
8464483.0,-392.60254,2762213.5,2164136.5,6012438.0,4142507.0,11883574.0,-3495099.8,-5177820.0,-46166.93,4696517.5,-120.81722
303711.66,1.3901424,12.683741,227424.62,308662.03,-61317.97,143623.94,-148434.47,-267047.47,-244276.47,-372.39166,-30.017094
2276424.0,-9095978.0,239.05249,3863318.8,-613908.1,7674645.0,-7.51922,-318429.72,-4274319.0,445916.9,1334377.5,83.3862
68029.84,-1.3519201,1472.4845,-10072.48,55418.684,20754.766,7928.9263,990.3028,-6250.994,23973.969,40683.1,-1.5732859
9451058.0,-428.798,118.29695,352543.88,10757443.0,1700998.6,3521043.2,2181195.8,1207940.5,1224401.6,5056229.0,-155.09364
45554176.0,945.0309,-6943562.0,-3933217.8,47989428.0,-19875214.0,-4366473.0,-91351140.0,62493360.0,-30696816.0,48576430.0,-10527581.0
-64972.21,-74.46608,10.491874,-25766.932,226764.3,1059853.5,-1430774.6,807533.44,-218772.53,-159639.78,1159343.4,-98.227295
12531963.0,4230856.0,-1219579.4,1456035.1,10617226.0,1578774.0,-7083543.5,-13437920.0,2428244.5,6575401.0,11591992.0,-217.76884
16681853.0,-5140.2876,1080.2726,35418076.0,36609644.0,72755610.0,-8863967.0,19494458.0,-45084160.0,-13087295.0,43051270.0,-218.55542
4756413.5,-1090.7014,5646441.5,-8560432.0,15484963.0,12181088.0,8340261.0,-216744.67,-5514217.0,3620319.2,4894795.0,-299.58823
6467196.5,30.512115,-169790.45,76207.84,3602664.0,-1613480.5,3055691.0,-383.84573,-174307.81,-2079696.4,2568124.5,-96.51509
-582165.7,-201.74529,58.696125,409339.44,281636.0,3232364.0,-840169.8,438725.53,-248360.16,7.040985,1833595.9,-170.45438
2163411.5,-140.61838,48.4495,1001108.25,1887018.4,2066528.6,3445726.2,453052.06,-981931.06,-28207.883,867716.3,-98.010056
498540.9,-79.604935,24.341627,-21.053232,466285.25,1140361.1,-456597.1,422829.1,-185988.8,103450.13,702927.4,-16.770111
4785559.0,12616459.0,-611.92206,5549831.5,15070874.0,-12372100.0,-12182759.0,2636801.0,-8493907.0,-12449014.0,1882531.6,-1620.6477
292278.72,-62.202385,21.306862,63166.395,397982.78,1044334.3,-380561.1,42069.914,88473.375,22.267504,533841.8,-1.6537186
7524129.0,-32742198.0,428.5018,73.95682,4172081.8,11185382.0,-1067.8894,15525519.0,-8002195.0,5068830.0,18284716.0,-346.69434
20905844.0,-1912.1733,12701945.0,-347488.56,10447679.0,29093136.0,43719256.0,-7609940.5,-13830643.0,-1888375.5,15067872.0,-31.564386
824967.6,-147.50319,48.639774,889758.2,1082678.6,2589329.8,2888776.0,729317.4,-1344548.6,-48124.51,471975.5,-99.4048
9101282.0,-13296486.0,131.10902,14415789.0,10293096.0,3762429.0,-1163.3374,8470319.0,4027421.2,8768189.0,5949009.0,-641.74396
17021724.0,-17835994.0,-92.19088,19136760.0,15955319.0,-12430259.0,-2225.6057,22368238.0,-4376333.0,11580025.0,15515564.0,-1266.1545
193489.64,-22.075043,149766.39,-725.9735,201948.0,364216.94,433302.47,42720.816,-64361.176,40526.08,120766.01,-6.9374156
7573518.0,-489.96097,4599020.5,1020238.44,3302003.8,10378669.0,20359406.0,-5117158.5,-5285217.5,-1279614.8,2630990.0,-188.67163
4047973.8,-13228102.0,95.44773,559813.75,3426809.0,6736215.5,-11595687.0,6591191.0,800.0397,4307186.0,8496107.0,-112.163864
41942440.0,-65011216.0,578.1361,75.22244,23340780.0,-7834058.5,-33217946.0,24888628.0,-27501822.0,-21666002.0,59481304.0,-1721.0376
-412422.22,-107.66251,-12.618783,21.654274,-116768.695,-139093.28,1483339.8,911642.94,-2083189.8,-1469791.8,1227792.0,-159.83994
117592.375,-479.9416,-1.4916945,161951.05,123324.52,78408.875,-167549.64,13945.402,-24833.994,51880.8,140839.78,-2.514771
16367439.0,-73521110.0,54.706234,-32688016.0,62131676.0,39213956.0,-113223060.0,134743570.0,-77447510.0,-56486428.0,109316424.0,-12546.165
2185895.5,-284.23755,1444687.0,-1517429.5,4243740.0,5507013.5,2247607.8,1214426.6,-270808.22,2321129.5,2481885.2,44.615578
50426.977,-14.033817,122786.91,-26285.57,49436.332,281922.16,213828.66,-59107.355,-36837.7,35736.723,80973.64,0.62728953
2086127.9,-238.3614,69.14578,-259101.27,1604052.4,3091962.8,-1518485.5,485522.06,284370.94,1278201.1,2591925.8,3.653257
161028.75,-9.040386,-0.0707732,12828.152,54065.547,149470.36,-75639.96,-35731.12,5491.013,123161.76,95225.58,2.0173423
727.9709,-13.767892,2.2332885,-3327.882,101709.32,240244.52,-176794.38,158821.66,-74448.914,2.5781455,164220.11,-9.592733
2279636.8,-2936279.8,1380384.6,133313.0,2709211.2,2044876.5,2963108.5,-1363148.5,-947851.6,589914.5,804628.5,-238.20416
5603772.5,-5748662.0,-133.32855,4335828.0,11570974.0,-2878854.8,-24497454.0,11036531.0,2106372.2,4667900.0,5905566.5,-846.08685
122856.31,-7.5672736,62007.18,-14876.544,102184.26,139078.67,215532.14,-38825.703,-44668.99,24550.475,61738.348,-0.9167067
8949941.0,-507.5954,40.864788,9353209.0,8856596.0,-999313.4,-227.81168,2215776.0,-2665928.8,1103637.4,4866940.5,-242.57999
816195.1,-73.25995,5.204233,677165.75,1804489.4,-343402.84,-1463866.9,-84836.09,-334784.5,1023334.25,101090.195,-121.90183
66876.984,-2.0719793,0.5769034,-4487.5566,78153.734,34393.367,20230.08,39251.62,-14236.475,2274.084,48271.176,-3.504032
50835820.0,16346325.0,-17113116.0,34077676.0,96126480.0,-2888917.8,97086740.0,-14247.232,87924740.0,-62846976.0,113328456.0,-477.58273
119964904.0,-5801.3877,31806174.0,28263042.0,66622636.0,33023024.0,222602300.0,-91219450.0,-84212984.0,-57632652.0,34155590.0,-3156.7668
6874452.5,-643.731,3840574.2,257773.38,6744777.0,8869075.0,9016475.0,-2722438.8,-9567075.0,-370421.5,2168682.8,65.1729
